0,-1.0508527,4.649287,22.008543,-2.1048787,-5.2571135,-3.90822,-2.1692936,-8.686085,-1.0556272,-0.20323989
1,-1.5236368,-3.1593564,-4.1103153,-5.627076,23.650938,0.6535875,-2.909335,-2.0158708,-4.343006,0.15006524
2,-0.92535126,-3.655952,-1.0751313,-0.98430204,-1.0825629,-3.8593924,-2.6789446,-2.5527363,-3.2484381,19.787222
3,-2.3765671,-4.036084,-6.4573884,-3.4582691,5.958556,0.9907138,-6.358447,23.562752,-4.116094,-2.830366
4,-1.0269804,-3.2213514,-4.767342,-0.8429271,-0.5902816,1.7537589,-4.936061,17.01911,-1.5721836,-1.4871871
5,-1.8392011,0.77238846,17.925224,-1.8852912,-3.2373443,-2.9119163,-1.4602133,-4.5907893,-2.2375236,0.40010938
6,1.2773328,24.531218,-1.9592634,-5.0478487,-2.9211764,-1.748669,-3.9927206,-3.1332636,-2.147436,-5.2923746
7,-1.3357623,-3.3040938,-3.5601137,-2.4648273,-0.8125899,1.7428497,-5.1539707,18.254835,-1.2169853,-1.5373008
8,19.7722,-2.4283123,0.46253142,0.78712666,-0.9368652,-3.054879,-1.6205167,-8.238057,0.46152148,-4.44245
9,-1.7921358,1.5090755,16.83671,-1.2342353,-2.7407432,-3.2820954,-1.500922,-4.977224,-2.99192,0.63727397
10,-1.8910202,-5.0250025,-0.757092,-4.248046,-3.391203,-0.38954875,-3.6549864,-2.823781,20.115181,1.2383256
11,-2.321144,-2.337055,-1.5680972,-3.3915012,-0.7784895,0.00812275,-3.0116806,-2.77048,16.935602,-1.0200816
12,1.2323606,-2.577626,-2.9805334,-4.9242754,1.1454268,21.378866,-8.446296,-0.44216895,-0.57931924,-2.4737978
13,23.633457,-3.8105948,-1.9227992,-4.6300845,0.116016924,-2.8403628,-7.41592,-7.171367,9.437285,-5.1383047
14,-1.5734793,1.153867,16.01808,-0.7781942,-3.6805668,-3.2045264,-0.09922337,-5.2423773,-3.945857,1.6938695
15,2.7059855,20.430548,-4.1696763,-3.156882,-2.6685972,2.9579654,-6.1004186,-3.2197125,-2.5601225,-4.511239
16,-1.5432966,-5.093115,-7.3377724,-7.266988,24.777956,10.56085,-7.499366,4.0695767,-4.5380297,-4.6537876
17,-1.5014505,2.7813768,19.518682,-1.8549204,-3.6771975,-2.1697714,-2.0067346,-8.857436,-2.2327611,0.6528945
18,-1.1456702,-0.40835992,1.1647457,-3.0478966,-5.1301136,-11.151005,26.775513,-11.402566,5.8259063,-1.3004032
19,5.268114,-4.651908,-4.9675565,-4.4690804,25.248243,-4.1718893,-5.682268,-2.1007252,-4.7228584,-0.19019082
20,30.945328,-4.4297547,-4.0696244,-6.774914,4.027196,-6.511641,-5.745367,-2.068194,-1.2413133,-4.397252
21,-0.19274913,13.526335,-3.048244,18.06241,-4.720068,-5.6257567,-5.1625843,-5.569231,-5.525931,-2.7561467
22,-3.8008122,-6.8802485,-6.092655,0.35099623,7.608607,-7.176287,-4.724727,-7.650132,2.393937,22.870913
23,-0.47636238,-0.16985554,-2.8077123,-5.506571,1.6765902,19.635862,-11.135763,-4.3326683,-4.6988587,9.318841
24,-1.4621013,0.9050262,16.364096,-1.2225648,-4.2702546,-2.0468097,-1.499946,-3.8079178,-1.9459133,-0.39387193
25,23.416769,-0.71249306,-1.3054267,2.6023996,-3.2789412,-3.2348292,-1.4567555,-11.345694,-0.7000147,-3.917601
26,4.2629027,-5.0508437,-2.7095358,0.901546,-4.901075,-11.736584,26.521364,-11.243688,-2.7201462,6.4108267
27,-0.12609054,-2.8774025,-4.9223576,-2.2078497,-0.32185763,0.04128755,-4.7775116,20.318712,-2.4454129,-2.280937
28,-2.2186153,3.0120177,17.35769,0.09606121,-3.8288612,-2.685398,-1.1397743,-6.7285028,-4.0573816,0.7550369
29,1.3729341,-2.745705,-1.4265932,-4.020432,3.099113,19.977173,-6.51527,-5.050772,-3.1747723,-0.0828719
30,-3.917395,-8.578042,-1.558376,5.6571374,4.0345025,-12.780249,-0.07193312,-16.720531,11.473059,21.129581
31,-0.34943697,-4.0475287,-1.4509859,-4.9660573,-3.3808389,11.371446,-8.646825,-10.430214,-2.577271,24.891594
32,8.066074,-6.0027337,1.514891,-5.702084,-2.175323,-0.7960738,-5.101917,-10.996771,25.611204,-3.9048324
33,15.396268,-5.793084,-3.9601972,-3.3735142,16.411524,-0.53049725,-5.613467,-5.647339,-4.0713377,-2.9671557
34,-0.80922973,-3.0209503,-4.223122,-0.7311115,-0.60189795,1.6115649,-4.1566377,16.426174,-2.0387523,-1.8073945
35,21.674726,-4.2289124,-0.66879606,-3.1897175,7.537769,-2.6988165,-4.2489824,-10.264154,-0.12389316,-3.6778216
36,4.2249975,-5.741244,-2.2094686,-5.713093,5.645847,5.0071907,-10.064454,-17.382517,-3.8158257,28.552307
37,1.4370633,-7.056204,-7.587142,-4.780755,32.98288,-2.846733,-4.4029083,-5.9069285,-3.4594936,1.0697031
38,-1.0101475,-6.234743,-4.085088,-6.435983,24.335522,3.188547,-4.786199,-2.5664678,-3.1416452,1.3904717
39,-1.8234674,-2.2200367,-3.846437,-4.9636164,21.909943,1.1508002,-3.0869439,-0.5082592,-4.519196,-1.0238482
40,0.685647,-3.2244544,-2.5238495,-5.706167,9.6213665,20.86361,-8.502909,-5.436804,-4.1722775,-0.15010804
41,-3.6473842,-5.2574506,-1.9561902,-8.507254,2.698295,-2.8469222,-2.8140457,-7.4534316,27.069063,2.7377667
42,-2.0941703,1.2363982,16.496147,-1.4365261,-3.6294904,-2.3365335,-1.1336983,-4.897316,-3.5180361,1.7093533
43,-0.08401008,-5.160374,15.166791,-9.220366,-2.935505,-2.7503812,-3.7113988,-14.169122,27.043875,-3.5924745
44,24.832312,0.38838956,-1.4058208,0.7058295,-2.5096197,-5.6261296,-0.00928466,-7.407779,-2.8876028,-5.6513386
45,-1.2781525,-4.417054,-2.0062284,-1.5712417,1.9264139,-5.011677,-2.1723406,-1.4352243,-4.7756147,20.249378
46,18.83179,-0.2548327,0.4058905,-0.1517874,-1.0360782,-2.3207364,-2.3903415,-5.676466,-1.3597504,-5.5658627
47,0.549057,-0.43081075,-1.1500442,-4.6507187,0.31158328,19.61501,-7.940073,-1.3298812,-1.5927172,-2.3761883
48,22.120693,-2.2778723,-4.4086514,16.687008,-6.0351634,-7.8760324,-4.586064,-3.6402051,-4.7293334,-6.148829
49,1.0304862,-2.957013,-3.5065498,-6.7507505,1.6678908,16.072475,-10.214295,-11.258566,-2.606087,19.337173
50,-1.4333863,-5.314014,-8.774519,-2.5304687,31.458345,3.3445616,-9.761444,4.9413505,-7.9077897,-3.1407647
51,-1.885392,1.8813585,16.921518,-0.7113189,-3.3618474,-4.385923,0.60908926,-4.2619743,-2.2686503,-1.8385205
52,-2.0723777,1.5723622,18.503862,-1.1188437,-3.5687556,-2.7114704,-1.9637362,-4.406715,-2.8956838,-0.67050415
53,-1.7125487,-1.8367457,-1.2404132,-4.735005,-2.073163,1.5161672,-6.274065,-5.5238805,23.735971,-2.4834168
54,-1.9277562,0.016246509,-5.9268007,-2.172376,0.63646233,-0.027047433,-6.8531322,21.318207,-3.2716324,-1.6629207
55,-0.6878529,-2.6885805,-4.315341,-1.8550334,-1.6001513,1.8608022,-4.055009,17.062126,-0.2644668,-2.6996562
56,29.034452,-7.179753,0.031069756,-8.324746,1.441397,-3.8994627,-5.8916683,-15.652776,-2.411816,11.857492
57,0.05545615,-0.10724436,-1.9212612,-8.19228,-1.7023672,26.459175,-11.925241,-7.2071114,-0.81772715,6.7374825
58,-2.430869,-5.4278255,-9.132321,-1.6527858,32.066196,-4.027594,-3.3980472,0.39041498,-8.672436,1.9058717
59,0.43261063,0.6122941,22.676027,-1.1386486,-4.215045,-3.3428502,-2.6480572,-8.332949,-2.13579,-1.2462974
60,-4.369694,16.82626,19.836765,-6.6981125,-4.9611235,-4.445594,-7.177065,-11.419234,6.4735336,-4.689169
61,-1.36666,-2.038698,-2.7998776,-4.0617714,0.06971369,1.1837558,-3.3118618,-2.1256928,16.675825,-2.3235908
62,-2.1078343,-5.3147717,-2.7726052,-2.549332,4.8905253,-6.3532453,-2.8206973,-5.685365,-3.995476,25.658466
63,27.48473,-0.41899866,-3.7945197,-3.6707718,-3.210504,-4.531387,-6.473015,-7.0297875,9.610308,-7.4170427
64,0.8869676,0.17377707,-1.9201392,-4.837412,1.0462844,20.871756,-7.464807,-4.041047,-1.436954,-2.4572222
65,-1.0619955,1.8705575,-0.78673136,-0.72253025,-6.0080404,-10.4811325,28.0042,-7.7039347,-2.5829685,-0.7843277
66,1.5747527,2.5108373,-3.2944596,-4.763223,-4.6338115,21.1877,-12.086936,3.4023225,-3.3817694,0.51927406
67,-0.11435798,-3.3198192,-4.1065583,-2.769656,-0.18473592,1.8841252,-3.8631341,15.721046,0.079599984,-2.4106185
68,0.8269325,0.06261878,-1.6376036,-4.7821302,1.1899065,20.687439,-8.702204,-2.3099744,-2.4649737,-1.6724489
69,-0.3976051,2.263965,19.394955,-1.6932937,-4.424523,-2.0501964,-1.0911099,-8.473723,-3.0948236,0.23399952
70,-2.847947,-5.170598,-2.3107285,-3.8625994,4.0574193,-5.107772,-1.3959177,-6.6261106,-3.202377,25.352703
71,-1.376455,-1.3188487,-1.8983842,-3.7952282,-0.26172572,-0.16273606,-4.263678,-4.6841226,17.68686,-0.25103095
72,2.9362853,-3.6387029,-5.3315897,-3.1721222,-0.733745,-1.2350004,-5.6753454,22.666025,-2.807346,-2.1359053
73,-1.9248267,1.2872385,17.068678,-1.5543505,-3.6120844,-2.1319182,-1.6318649,-4.6990557,-2.718687,0.23181298
74,-1.4677756,-3.0049546,-4.0732527,-2.3168535,0.35829845,-0.15057757,-5.7942495,21.5706,-2.5731194,-1.8682712
75,0.69433856,2.6974518,-3.7489822,-5.615439,-1.7570137,28.274405,-13.934296,-3.1959734,-2.033635,-0.0016060397
76,-4.1132145,-5.167789,-2.4849594,0.29072076,0.92210585,-4.56963,-2.658534,-0.007966846,-5.1997395,22.573002
77,0.08556183,23.727304,-0.3072984,-4.6960535,-2.7417145,-2.3082454,-4.8303423,-4.041449,0.67830384,-5.3993626
78,0.25372118,4.835508,-4.029513,-5.2585926,-2.3210044,21.320763,-11.6988325,4.7621346,-3.0683544,-4.0079975
79,-1.7062753,2.9437757,20.124723,-3.6936862,-2.3848052,-3.6357203,-2.7347746,-5.7863536,-2.0773222,0.17657936
80,1.0184866,-4.0282526,-4.2872295,-5.4582076,25.426949,-0.37130308,-3.1796782,-3.9121053,-3.7636168,-1.7840363
81,-3.2382991,-8.343168,-2.1978056,-11.42278,27.019505,5.2280297,-9.672858,-11.580061,-0.87727594,15.138355
82,-0.08416295,-2.3095741,-3.5669594,-5.144858,21.213196,0.37177452,-2.6993515,-1.4934764,-3.5640976,-1.9359843
83,-1.1625589,3.2805378,21.518318,-1.6188853,-3.6847625,-4.200673,-1.5934536,-8.898365,-2.8070424,-0.5023939
84,-1.4830726,-2.948748,-3.8414614,-2.0263278,-1.9580456,0.97757876,-3.7814498,18.120815,-0.67103904,-1.5450273
85,22.517405,-2.0847354,0.07443145,-2.494706,1.5472232,-1.3479815,-2.6101527,-9.869073,-0.9193877,-4.4138236
86,-2.7268894,-2.7736032,-0.014091402,-4.573307,0.6515006,0.26846156,-3.676664,-4.6727247,18.928085,-1.6959369
87,0.25721204,-5.5737305,-5.7092643,-6.1800146,-8.007273,-10.140016,14.196816,-0.22007442,24.588276,-2.7427175
88,7.703226,-4.5978847,-8.096192,17.871428,-3.8146062,-11.0579405,-6.742728,15.548215,-7.6140304,-1.1449951
89,1.106992,-0.5118779,-1.7066137,-5.2145553,-1.4696711,22.988571,-9.198375,-4.7760215,-0.5912722,1.2844796
90,-1.9411324,-3.5484045,-2.5156705,-0.7714904,-0.9583614,0.7653154,-8.165916,-3.0315132,19.27673,0.88558614
91,0.078905016,-8.320821,-5.9695544,-10.848421,13.808418,-0.1935561,-12.628037,6.182438,17.109825,1.7615088
92,10.25424,-7.908657,-7.3700504,-8.004275,23.66571,7.2487254,-6.267865,-1.644774,-3.8405602,-5.71353
93,-1.6105878,0.9255482,-7.5714617,-2.2445827,-0.16056103,-2.6930273,-6.9619184,25.964977,-4.6163473,-0.6812794
94,25.867258,-1.2562686,-1.1296235,-0.70618236,0.7067122,-4.555143,-2.1410103,-9.415025,-1.6425312,-5.74166
95,-3.622893,-8.562723,-6.2224884,-1.8371923,17.942614,4.179135,-12.287266,-0.87194556,-4.8656282,15.786565
96,-0.046509784,2.9329169,21.8467,-5.3307586,-2.3616557,-3.0017712,-4.0450435,-7.059498,-0.62744296,-1.8355839
97,-0.53495795,0.25067177,-2.405194,22.502556,-4.865455,-4.5274615,-3.393158,-1.8762453,-3.964533,-2.0460231
98,-1.2685814,-6.655051,-5.6484275,-8.634835,29.912048,-1.8676833,-1.186535,-5.6706753,-1.2653282,2.1840234
99,-1.1422704,-4.53695,-1.6691817,-1.8477144,1.0447803,-5.655565,-1.2161609,-2.3821943,-3.7388818,20.341051
100,21.420862,-1.3859433,1.3944104,-1.7148246,-1.5604664,-3.5668619,0.6197374,-9.005173,-0.71872085,-5.030343
101,-1.1451527,-0.7774965,-5.113686,-4.315605,25.43034,-1.1402143,-3.1028054,-2.2629762,-6.2199655,-0.8910927
102,-3.2092984,-6.223968,-4.6856117,-5.098877,21.189564,2.3150535,-5.9127345,-5.7639813,-6.8995814,13.794958
103,-0.8489087,3.539357,21.508734,-2.5848694,-5.3351846,-3.5734239,-1.34488,-9.163862,-1.6842817,1.2192158
104,3.494498,-4.7104936,-2.987084,-2.343888,9.332349,-12.183204,-6.9006643,-14.712717,-1.9182948,30.467617
105,-2.9127052,-6.6603675,-7.0762815,-6.5004473,31.005972,-2.1449037,-0.1139669,-1.7712805,-4.8366404,1.1082711
106,-0.6761929,1.8638643,-2.9760835,-4.9130383,0.3804124,22.008501,-9.549814,-1.2925286,-2.5532587,-1.8784218
107,4.3235826,-7.413606,-5.532276,-10.975584,5.129316,-1.5383767,-7.020694,-8.494132,34.889023,-2.7872791
108,-0.12595278,-1.5624331,-3.862464,-4.6699123,-6.938184,0.9131138,-5.1958055,-3.3846354,2.4388468,21.693321
109,8.411458,25.888475,-0.6551082,-3.864834,-1.6636183,-3.9883444,-6.214373,-7.707246,-3.2901952,-7.2176666
110,-3.9255805,-5.900246,-3.8059654,-4.3000383,9.641323,-7.1436677,-2.7845242,-3.8465374,-3.0061212,24.546852
111,-3.7381752,-7.2993975,-7.5663767,-6.592876,8.744506,-3.5812118,-5.7313333,26.2821,-2.10678,2.111397
112,-0.15643886,-4.5211105,-2.5279362,-4.5236244,-0.38452432,3.2448184,-3.463189,-4.361472,19.131489,-2.4704616
113,23.941366,-1.7355577,2.7817175,-0.6222926,-1.3111812,-5.1345816,-2.8629656,-11.866556,1.6983742,-4.707199
114,-1.9940195,-4.013948,-1.8302008,-0.37088642,0.9333574,-4.846061,-2.1619902,-2.8411725,-5.0965576,22.133924
115,21.631172,0.74519587,1.3165861,-1.1442156,-0.54738384,-3.7389445,-2.58455,-10.572072,-0.5429147,-4.5900154
116,-1.4353411,-5.872433,-3.067165,-7.6440578,12.894653,-7.2390327,-5.483815,-12.491722,3.2455595,26.121893
117,-1.7836921,-5.3141074,-1.2790102,-7.800282,0.10550946,24.99417,-10.986633,-4.300051,2.7820969,6.4280815
118,-2.5887709,-6.8211017,3.8531663,-10.069418,20.302073,-12.154923,13.077306,-12.327851,3.1637964,4.317297
119,24.468557,-11.618924,-4.649171,-8.011593,13.00084,-9.738109,-1.9542409,-12.192732,15.253899,-4.504525
120,-2.4914625,-3.1841304,-0.85143304,-4.0033083,-0.8121928,0.48328742,-1.4789767,-2.6112995,16.583624,-1.6118425
121,-0.5502849,-4.189976,-4.3113537,-4.7965493,25.287155,-1.5639737,-1.4315014,-2.7707846,-5.271876,-0.24441695
122,0.59112614,-4.279943,-0.16803397,-7.0143356,-2.8747997,-2.0043118,4.8219585,-10.220891,22.462698,-1.5865023
123,-0.20638625,-2.7636373,-3.6548555,-1.882407,-0.6490986,0.85881716,-5.293664,18.354677,-1.5489488,-2.3341832
124,-0.5345038,-4.204791,-1.635298,-4.618115,-0.53436744,1.7498395,-3.0921025,-3.700279,18.512707,-1.7286994
125,-0.69596714,0.6931594,0.62389517,-1.1543564,-4.614291,-10.621084,26.673506,-8.411189,-2.8223264,0.18922096
126,-6.678326,-6.872317,-6.750022,0.7168155,-1.9991506,-9.759906,-4.262628,9.652784,-2.9020727,27.375984
127,-1.6312933,-3.1445663,-0.8046553,-4.0190377,-1.037458,0.48659053,-4.0037045,-0.7661676,18.791782,-3.364355
128,-1.379659,-2.181153,-4.090948,-1.7584789,-0.7651838,1.5300177,-4.3897,15.954405,-0.19370946,-2.008418
129,0.0053715445,26.011862,-3.7799819,-3.9600008,-3.265245,-2.1203113,-5.757536,-4.7808814,3.0276387,-6.083113
130,-1.9423734,-2.1980536,-0.2686127,-3.1056821,-2.9342957,-0.28085765,-4.7270474,-4.2118664,20.75995,-1.5850384
131,2.8475175,-10.801613,-3.4641163,-10.536382,11.886262,-4.6023216,-4.8168964,-12.316933,30.513855,2.0619571
132,-1.1399906,-2.9850838,-4.2934127,-1.9628518,-1.6645931,0.7244328,-5.0386186,19.346415,-0.25979754,-2.0309873
133,1.0493213,-3.737738,-5.3041186,26.519106,-3.9718375,-7.8343477,-4.4808054,0.24900304,-3.7208488,-0.55372405
134,-1.8725282,-3.2042108,-4.8665357,-2.26559,1.4050435,-0.5661803,-4.2583876,20.110035,-2.0637028,-1.940212
135,-2.0756435,-4.071604,-2.0753117,-4.1129456,0.1606371,-0.7296259,-2.6981778,-3.3052962,18.524826,-0.17047346
136,-1.6242095,-1.3202249,-5.709812,25.307365,-1.6553291,-6.478536,-3.915507,-2.022195,-3.5105362,-0.6485286
137,-1.5497137,1.4652373,16.88675,-0.7343406,-3.8682523,-3.4885156,-0.94894505,-5.6571064,-3.445658,1.5590904
138,1.3108757,-3.829158,-2.668368,-4.7861466,1.4330527,23.487871,-8.897513,-2.1012442,-1.6439006,-0.8993982
139,-2.3296487,-2.724451,-3.1937406,-4.681362,-0.15555103,1.1651673,-3.1508288,-1.0907438,16.320435,-0.28902298
140,1.6801565,26.879076,-1.8363217,-5.2510133,-2.3426957,-4.2606993,-4.666065,-2.0201857,-1.8194896,-6.413936
141,0.96085846,-4.745615,-2.3328633,-6.147192,3.9331021,24.846209,-8.916902,-6.208292,2.3756466,-1.4911859
142,-2.4371865,0.9055511,15.91754,-1.2614092,-3.5041142,-2.1590772,-0.91543317,-4.5473332,-2.9101138,1.4390163
143,1.1526171,-1.6697359,-1.2454174,-5.1682816,-0.57207006,20.28584,-8.464594,-0.6726275,-1.4459993,-0.74919087
144,23.277004,-6.717464,-5.4665847,-5.9067655,-1.1932988,-6.79685,8.726973,-12.079442,10.822826,-4.529192
145,3.2049363,29.441591,9.252573,-4.946832,-1.7720683,-4.3784084,-7.007724,-12.773777,-4.991239,-6.7113514
146,2.2880704,-3.3673468,-2.3203013,-8.624032,-4.255255,-2.6129315,-3.1154969,-11.69462,14.997379,18.684015
147,-2.0633996,-4.0495453,-5.062916,-8.340728,28.775835,-1.7991498,-1.9317889,-2.1310298,0.6700526,-3.7507787
148,-2.0284755,1.267294,17.846144,-1.3745244,-4.201844,-2.0743568,-1.8955374,-5.98497,-2.8230271,1.5978001
149,-1.986173,-2.6042132,-5.1833835,-2.862292,0.975402,-1.213755,-2.3607695,19.069635,-2.2821488,-0.86053294
150,32.883747,-4.7283874,9.639355,-4.91362,-1.0438502,-2.9808297,-5.4464965,-18.32305,3.2368147,-7.579572
151,-2.8530028,-11.57601,1.1653395,-14.331421,14.580504,-6.036815,1.4932185,-13.169435,26.167511,5.444061
152,-2.3289053,-5.156321,-2.558469,-0.6615703,1.0477012,-4.2840495,-1.6449704,0.016685277,-4.876908,19.888592
153,-2.845337,2.0366933,17.145897,-0.68602234,-3.7267647,-2.9637568,-1.633313,-5.0676236,-3.1857843,1.1325223
154,26.261782,-1.748635,-2.8787463,-0.6065483,-1.198659,0.51779914,-3.0600035,-11.522556,-2.0598361,-3.932827
155,-1.5669868,1.6252438,22.906172,-4.0208073,-4.8375187,-4.1207724,-1.5697819,-6.966785,-2.4825869,1.6862527
156,-1.6221572,26.678404,-1.3092663,-4.141634,-4.3816495,-3.2269633,-4.7957764,-6.902251,2.8020785,-3.8058226
157,-0.44309512,-2.7836885,-3.9130738,-1.9870733,-1.2464744,2.0379272,-4.3233604,17.52249,-1.7836211,-2.1558733
158,-1.6063756,-4.510832,-3.873052,-5.746152,-1.0167053,3.2181756,-6.6306386,-5.543557,22.971071,2.3357587
159,13.571203,-5.5543847,-3.5655203,-7.066633,20.187618,-3.5436928,-5.765472,-5.2869043,-3.9307628,0.38591242
160,-1.7390295,1.2618958,17.294899,-1.6015812,-3.3976254,-3.1840262,-1.0484059,-4.6160545,-2.3323596,0.016262233
161,-0.74505454,0.34183535,16.73118,-0.55308056,-4.6552987,-0.72005516,-2.1443105,-7.3626175,-1.2358221,0.59377605
162,4.3979864,-4.6306386,4.502672,-10.567805,3.2110877,14.0180855,-13.320023,-11.673567,19.98095,-4.965496
163,-1.8539485,-6.0241013,-8.108129,-4.013208,13.103756,-0.7064347,-6.6414437,23.91391,-6.065197,-2.8504887
164,3.7026775,2.0531561,-2.8175724,-2.2489228,-3.525334,-8.972542,26.004507,-10.959196,-3.221699,-0.1870417
165,-6.23044,-7.0628114,-6.5695853,-4.8087177,6.4158325,-3.8646138,-5.7355003,14.658847,-3.428278,16.540308
166,6.219633,16.476992,-4.3935323,-3.4456706,-3.2828937,3.1534107,-6.5690675,-0.44920164,-2.1074638,-5.927332
167,-0.82297415,-3.208857,-2.8746436,0.24698797,-1.4366325,-8.455072,10.39751,-11.253344,15.1360235,2.1747556
168,2.1943748,-3.0338147,4.2747416,-7.3124423,28.145819,-4.6828694,-4.3411217,-9.777852,-3.9047558,-1.7551906
169,-0.19419308,1.1384741,21.227488,-4.0300303,-3.1026468,-1.8495753,-4.141814,-7.8691254,2.2970722,-2.8411427
170,-3.6452205,-6.544464,-6.0845494,-3.862287,22.506865,-6.3976274,-7.414663,-2.5811818,-0.5441406,13.737446
171,1.2707447,3.0705884,21.63675,-4.809211,-4.371232,-5.35196,-1.5905108,-8.410402,-0.7338047,1.1394376
172,-1.9999732,-2.8164499,-6.036014,-2.428263,2.9196525,-0.86119056,-4.288056,20.648966,-2.0715528,-2.4669423
173,2.393975,-0.7180942,-1.3421575,-5.245683,3.9459205,18.781384,-7.1230845,-5.0137663,-2.0038085,-2.2223432
174,-3.2060862,-7.12606,-4.604892,-8.316048,4.8252025,12.965847,-8.714167,-10.264753,-0.2599838,25.428068
175,-4.123646,0.9564186,-8.560718,-2.481086,0.0756118,-5.590081,-5.528311,28.218397,-4.9309716,1.5093381
176,-1.8454164,1.0791118,17.24349,-1.413492,-3.2575717,-2.8241625,0.107925445,-5.057948,-3.3487842,-0.005170487
177,-1.1809704,-3.927374,-3.8786018,-1.6324086,-1.2661046,-0.80626196,-5.5908957,21.743832,-1.9184605,-0.80010813
178,-1.8228885,-0.9724985,-1.7421416,-4.117335,-1.8654863,1.9579607,-4.2783833,-2.1756594,17.96406,-3.1594057
179,20.332815,2.0947404,0.11226466,-0.4345621,-0.40143278,-3.4938118,-1.804752,-10.067979,-1.5325177,-4.8059587
180,-1.9801877,-2.6728163,25.84753,-8.245572,-4.3297243,-6.1730824,-0.19501951,-14.26977,16.63988,-3.260471
181,-2.4055037,-4.0237093,-2.2518518,-0.5074581,-0.06960297,-3.1197946,-2.44676,-2.2566557,-3.3948822,20.515812
182,-0.013519894,23.343884,-0.012099475,-4.0589614,-2.4460769,-4.036137,-1.745009,-5.8122005,-2.3452282,-3.3182392
183,-3.2403314,8.449451,14.526553,-6.494806,9.319586,-3.2585032,-7.043284,-8.386439,-7.1493664,3.5052416
184,-0.48471954,-5.960191,-5.0558114,-7.357296,19.365725,16.871359,-8.034363,-4.381659,-4.273392,0.5349817
185,-2.777803,-3.6643677,-7.358615,10.598346,-5.084643,-6.0139494,-6.730187,20.712286,-5.0229354,3.5303354
186,-1.3700849,-5.0781436,-3.1093037,-2.5519915,-3.3720388,-3.3922086,-2.8376799,4.5701647,-2.763175,19.5523
187,18.171375,-3.7262533,-8.665787,-5.85573,-3.0643263,-7.025609,-6.325186,23.488276,0.23919639,-6.546306
188,4.8406763,0.75364006,-5.9130974,28.409262,-5.410121,-8.596291,-6.4302683,0.5478059,-4.46796,-5.153755
189,-0.44340768,1.4924473,16.620405,-1.3010201,-2.8770828,-3.8938162,-0.46162164,-4.9407463,-2.1091506,-1.4616501
190,-1.2184684,1.769615,18.270813,-0.9637885,-3.208897,-2.4935591,-1.0178442,-7.575883,-3.441778,0.15627298
191,22.991642,-1.6876891,-0.68523204,0.94181573,-1.4427999,-4.460275,-3.1759589,-10.783947,3.479386,-4.7391334
192,-2.5764747,-7.196451,-5.0840526,-4.741604,11.827985,6.3176193,-9.294097,-16.623117,-2.4152977,29.100195
193,4.0002303,3.4918525,23.387589,-6.740371,-6.5464163,-8.518565,-1.2158344,-8.403921,-0.6088625,3.4587002
194,0.6871602,-2.1188517,-1.2993516,-4.1313696,1.118661,19.406168,-7.309969,-1.4618039,-1.1740102,-2.7708063
195,0.8275329,-0.2956386,-1.5584129,-0.5977771,-3.220624,-6.123683,18.94452,-5.9654665,-2.1572547,-0.22927874
196,32.40615,-8.232294,-1.9565545,-2.347207,-0.502575,-6.882029,-3.7370512,-12.562323,7.5195146,-2.620287
197,-1.6612833,-3.2881453,-5.8235536,1.5774047,24.66384,-1.9080229,-7.2528276,-0.90437,-8.493059,2.7218914
198,-1.3492073,1.102132,16.308645,-0.98511636,-3.7698178,-3.0668256,0.41445228,-5.749346,-3.1541398,0.62934554
199,-1.4731753,1.4900106,18.02492,-1.2594236,-4.2110577,-3.3672812,0.13075636,-5.2512555,-2.7009587,-0.74134445
200,-2.5534728,-7.415284,-9.38913,-2.9922397,26.209642,-4.3966966,-5.3308687,13.429707,-7.9815793,0.4193321
201,0.15102673,-1.7457435,-4.4267774,-4.2108173,24.838867,-0.65295535,-2.6537545,-3.9192379,-4.913006,-2.4042275
202,-0.8619039,7.391282,-11.8441725,-7.186847,10.821711,-3.8362987,-7.246065,27.154661,-5.5263457,-7.742139
203,-2.582655,-5.152775,7.7952375,-9.484897,0.8836028,4.06696,-14.078183,-10.539064,26.170397,2.6205409
204,0.6702718,-1.4216503,24.948679,-7.4301667,-3.552765,-2.0278037,-5.4198923,-12.770339,13.780927,-5.864415
205,-2.5039277,1.2358332,17.175089,-1.4934843,-3.7236881,-3.0137346,-1.2219976,-4.4484224,-2.60697,1.1719111
206,-2.3185687,-5.1112514,-7.107376,-5.708409,14.896417,-1.8546641,-4.683008,19.975855,-5.0312514,-2.5141184
207,-2.6794882,32.5153,-4.9511976,1.9098208,-9.058183,-11.144247,3.1770952,-6.0111585,2.614952,-7.7846584
208,-2.418781,-3.578444,-1.0423398,-5.037421,-1.56551,2.5025914,-2.5814342,-3.6768348,18.949875,-1.9717544
209,-2.384791,-3.550315,-6.250464,-3.9536734,26.659538,0.70545185,-5.032977,1.8597927,-6.3832235,-1.0482609
210,1.2292202,-5.2460046,-6.740154,-5.552708,28.400068,5.780074,-7.059883,0.010763794,-6.1444883,-3.939732
211,-0.89303786,-0.6600909,0.31993625,-5.223463,0.2698221,0.4512343,-4.511347,-5.4685125,17.980932,-1.9299297
212,-3.173356,-5.4683657,-3.535657,-4.5435944,5.251271,-5.0116286,-3.5576782,-7.930773,0.7092031,26.726171
213,0.057439122,1.2590488,24.039824,-2.2330713,-4.858232,-5.063839,-2.3908937,-6.4141817,-3.2580774,-0.42680356
214,0.29297903,-1.8715367,-0.83097386,-3.3305008,-5.6722484,-9.574137,23.25663,-10.169818,12.383184,-4.0561056
215,23.660715,-3.055837,-4.6151624,-2.4056768,-0.89093024,11.909554,-8.380959,-11.685793,-1.8794024,-3.7108493
216,-0.907603,-1.9595275,-0.77025783,-4.4548516,-0.56364673,1.5288095,-4.2546988,-4.769075,18.617235,-2.2212696
217,-0.92598957,0.08757448,-1.5410285,-1.4851323,-5.4857354,-10.429866,28.31015,-9.5763445,0.76015365,0.027937144
218,3.6903758,20.58981,11.622007,-5.7925496,-2.238389,-0.92098397,-8.424487,-14.829435,-0.91212493,-3.4979382
219,-1.5168108,-0.7309741,-0.6434622,-1.9476212,-6.3482194,-8.797377,24.496277,-6.444814,4.3117175,-2.441654
220,-1.3205622,5.9212174,-9.763366,-3.0787911,18.347225,0.5317294,-9.98619,11.91282,-8.51861,-3.3941448
221,30.76134,-5.7875733,-4.74023,-4.603078,3.7947202,-5.5612617,-3.646064,-8.364609,4.8444557,-6.3104305
222,30.195377,-10.804367,-5.2082453,-9.162583,0.9166429,-6.955159,-6.3385954,-7.475007,19.910961,-4.2086434
223,0.6494637,-2.4503708,-3.1840415,22.512655,-3.406896,-5.9037385,-2.8151853,-1.5844295,-3.1433113,-1.9225502
224,-0.74222445,-7.1091223,-4.355909,-9.293922,28.673058,-6.9508696,5.3778934,-10.823911,5.110953,-0.056688234
225,-0.119261175,-2.1291556,-3.800093,-5.031143,21.970646,-1.6116756,-1.7766607,-2.0753887,-3.5364172,-1.1129451
226,7.101711,-1.4411777,-3.7042704,-5.517383,19.18966,-0.9051928,-4.6769238,-3.505113,-4.736812,-1.2420516
227,26.95994,-5.8806796,-2.2351663,-4.7060943,13.781207,-7.158874,-5.2586102,-11.392783,-3.2114916,-1.8020691
228,-2.3055773,-6.5353336,-1.8694263,-9.857965,0.13574591,5.127397,-8.398215,-9.047451,30.103886,2.5937548
229,0.5966903,-0.783072,20.124538,-11.814801,10.020881,-6.7907696,3.2972763,-23.267445,-5.8706512,14.393196
230,-2.2736468,6.0659556,-7.4547777,-4.5556808,-0.3935098,-6.075211,-7.53296,27.851992,-4.824949,-0.19625139
231,0.3685846,-0.17433968,-2.2544937,24.091602,-3.914638,-5.0007086,-4.7202487,-2.961695,-3.8626738,-2.4960523
232,-3.1708214,-4.2639837,-2.155627,0.5742706,1.0145452,-4.75822,-1.747847,-0.22183365,-6.270026,20.981739
233,-0.10301335,-3.4557185,-4.1679196,-6.4765387,22.614779,14.294576,-8.143062,-7.222651,-5.317446,-1.4196303
234,-4.0164185,-2.0570633,-2.3823075,2.5900595,-5.017726,-11.121891,-0.68303406,-5.959838,-1.3430227,28.271944
235,-2.2735178,4.775813,3.4094996,-2.947118,-6.5539083,-12.658098,30.191872,-14.253441,3.1688995,-2.9908326
236,0.0183307,-2.8725362,-4.282273,-2.3508766,-1.1251234,1.0928711,-4.5673122,17.24347,0.027060427,-2.6435828
237,15.898505,5.2547383,-2.4066072,-2.08256,5.577287,-4.8068237,-5.196699,-6.7575026,-2.8349042,-2.709134
238,-3.4375541,-5.5498905,-3.9894812,-6.7580414,-0.32739767,-1.6181464,-7.211408,8.321035,20.67887,-0.8519626
239,-0.7337644,1.3087882,-4.2821727,-5.297806,-2.7812486,19.035004,-11.263388,10.875884,-3.7433274,-1.6830119
240,-1.2578634,0.688754,2.683633,-1.2093018,-6.4064503,-10.172584,26.108152,-8.301155,-0.26739594,-1.8395305
241,0.53078073,-9.254554,-6.7782297,-10.97355,5.6416254,20.328363,-13.489797,2.1255412,6.9868054,6.8672843
242,-2.7748656,-5.075935,-2.6699965,0.3513886,0.8984027,-6.712966,-3.1160328,-3.400881,-6.3079762,28.326263
243,-1.5135356,0.8300426,-3.1812882,21.894878,-2.6507607,-6.191292,-5.709381,-1.5906355,-4.518637,1.0016532
244,-0.02299586,-3.7448444,-3.85544,-6.813244,1.0269247,26.216135,-11.971561,-3.2078068,6.599025,-2.5527153
245,-0.05806705,-2.8010101,-6.5249767,-3.3196013,29.198687,-1.8171484,-4.6778083,-2.2262053,-6.613758,-1.231569
246,0.74455255,-8.389144,-3.7965627,-8.97014,25.60008,-4.3331633,-4.9658194,-9.271268,15.145911,-1.7871845
247,0.09537445,-1.3015866,-3.148777,-5.298247,19.7674,0.77785397,-2.6411717,-1.8305116,-2.719012,-2.8640373
248,-1.7955018,1.8140246,17.05188,-1.0826552,-4.011944,-3.0744812,-0.9054576,-5.313642,-3.1306298,0.877196
249,-1.4792567,-3.0983667,-3.618472,-4.388742,0.07349995,1.1478885,-3.5922408,-2.3171754,17.55879,-0.845004
250,-1.5919191,-3.4935057,-4.8231726,-1.8392938,-0.83527666,0.6127909,-4.247046,19.942707,-1.9035931,-1.2097945
251,-2.6136496,1.2500275,16.765875,-1.4049859,-3.7076883,-1.9171183,-1.6896096,-5.0711446,-2.7265925,1.4662158
252,32.37608,-2.633373,-5.2962236,-0.00086002983,-1.6683564,-7.196144,-5.2701416,-4.2778325,-4.560875,-1.765794
253,-2.3835118,-5.905075,-2.6547194,-0.039192818,1.7136385,-7.4721203,-1.5266418,-2.3658876,-6.2545977,25.527048
254,28.065096,-3.066787,-0.91207004,-4.349197,-1.7816252,-2.9346945,5.07574,-14.426227,-1.7595984,-3.5304275
255,-3.1116292,-3.3608427,-1.7887197,0.4988868,0.8933781,-3.7779005,-2.6925323,-1.7670231,-6.0130253,20.97106
0,0.04589944,-2.3768864,-2.8685405,-0.70405215,-3.4240584,-10.58217,24.939266,-12.028015,-2.3569863,9.518639
1,31.289839,7.3194623,-5.8478475,-4.1857805,-3.2543645,-7.5622373,-4.1646767,-3.1005633,-1.6314815,-8.751615
2,-2.4780433,-3.430984,-1.480296,-4.0381227,-1.8062527,1.2716502,-4.0689764,-1.2185454,19.71592,-1.9382826
3,29.2368,-2.4362812,-3.28027,-2.69016,-3.3292112,-2.0456018,-2.0707333,-5.987094,-1.4472215,-5.9993396
4,1.1836716,-2.556865,-3.8995316,23.820091,-3.8077102,-5.342216,-3.4822369,-1.9997308,-2.3242805,-2.696203
5,-0.18888831,3.6318884,21.734837,-4.3898854,-3.2425241,-2.3097541,-3.0771525,-8.109106,-0.5637967,-1.7679005
6,22.588665,7.095725,-7.348843,-0.51971495,3.064301,4.9001565,-11.804823,-6.037247,-6.023716,-7.191416
7,3.1867864,-1.3823729,-3.2934036,-4.5747123,2.7546911,26.709705,-10.6891165,-7.400404,-1.7293364,-2.0833468
8,-1.6223737,-3.6421704,-3.4260063,-5.353148,22.448982,1.2048573,-4.1877065,-0.118989944,-3.962444,-0.28336468
9,0.48285976,-3.8195295,-3.8079278,-2.5275812,-0.20642793,-0.16696379,-5.287302,19.349415,-1.7890635,-1.4783692
10,-3.3614073,-5.253103,-2.9414754,-2.7660348,-2.0914016,-5.469639,-1.3755839,1.6031251,-1.9626392,22.801434
11,1.0652478,9.914361,19.369656,-4.8130026,-7.399301,-4.1416416,-4.6523557,-15.723299,12.579078,-5.92041
12,-2.3044128,1.6150719,17.480343,-0.015364388,-4.2232685,-3.873391,-0.43970832,-5.688169,-2.9441605,1.1296918
13,-2.0090117,-4.699626,-5.3377037,14.425756,-3.1688628,-10.348059,-3.209663,-7.8909254,-4.5849566,24.353577
14,15.69089,-0.31864834,-1.5267893,-3.235667,8.393616,-2.8672009,-5.82028,-7.2215753,-1.7899506,-1.3644776
15,-0.6240161,0.5851687,26.513523,-5.9842,-1.322379,-4.789683,-1.206773,-8.974723,-3.0124757,-0.16580448
16,5.7071824,-5.0702143,-6.099513,-5.9106326,26.602345,-3.6787026,-3.455934,-1.5967453,-5.9602613,-0.5727373
17,-0.2162306,2.7400184,25.90381,-3.4130487,-4.8323693,-5.770853,-1.9417219,-9.664834,-1.9172256,-0.30361181
18,2.8244252,2.941151,7.528286,-2.3199031,-5.9245586,-14.561999,30.053528,-13.682592,-1.7828561,-3.8899393
19,1.6872244,-2.0636728,-1.2568744,-5.2557917,2.5160842,19.319899,-7.282471,-3.5915082,-1.7151666,-0.913945
20,-0.047703948,-4.8275256,-4.112623,-1.4664305,-4.8476176,-3.833247,-1.5139883,-5.590986,2.6120675,22.941463
21,-0.10661778,-0.39719757,20.00691,-3.145903,-3.6655383,-1.2043687,-4.234407,-6.454478,2.5032315,-2.7538338
22,-1.8097814,-3.4904757,-2.414867,-3.9285483,0.6458288,1.0766289,-3.8336527,-3.4033313,17.175251,-0.16392246
23,2.630607,-2.4365275,4.9014673,-7.3490877,-2.7277155,-12.843821,28.253727,-16.00095,6.6406617,0.01913122
24,0.21208909,1.102692,20.828304,-0.9108154,-3.4899278,-2.845218,-2.6007614,-8.021808,-3.2071278,-0.6210843
25,-1.9879252,-8.204009,-6.095043,-10.22734,26.754313,4.8330574,-9.829136,-3.2998521,10.170187,-1.0552804
26,-5.0123096,-3.7215474,-3.2349985,-5.670907,5.6109767,-4.3033295,-4.801901,-4.226251,24.487774,0.12963247
27,-2.8623536,-4.73487,-7.3411274,-2.5501137,1.3721608,-2.1709144,-5.288137,26.843668,-4.054478,0.9023416
28,0.48135492,-0.42509434,-0.9668242,-5.5687504,-0.44281167,22.936539,-9.4136915,-3.6006696,1.0055897,-2.851186
29,-1.1998372,0.5969244,-3.9961336,-6.5828,-2.3675017,25.52948,-14.0102415,3.5018477,-3.2508337,3.4475982
30,-2.187183,-1.635471,-6.1113467,-0.06279909,0.27220696,-0.6290741,-5.0648775,21.247871,-3.3588738,-2.5065546
31,-1.7543031,-4.094365,-4.448319,-2.8235936,2.2604494,0.50633717,-4.800184,18.304106,-1.4419839,-1.3487767
32,35.05929,-4.8199267,-5.764367,-1.4368545,-5.7883606,-7.9340224,-7.7759476,-2.950548,7.1490808,-6.1064167
33,-2.679711,-3.346353,-6.611403,-4.856403,-2.8293262,3.7001395,-8.382309,25.996128,-0.25874305,-0.0970201
34,-0.58847624,1.4125062,18.16255,0.0954229,-5.09842,-3.2142794,-0.84704566,-6.935236,-3.5957317,0.9714884
35,2.1925318,2.9335809,22.10858,-4.711504,-5.6404552,-6.038256,-2.4589562,-6.806921,-1.1950836,2.0597663
36,-1.2464894,-0.4859909,-5.3490815,28.580208,-4.460514,-7.3676395,-7.0209937,-4.4009233,3.309214,-2.8183646
37,-1.3972867,1.8848459,17.283834,-0.5589548,-3.9494562,-2.3068335,-0.63515556,-5.548413,-1.7091007,-1.8303982
38,18.026787,-4.312757,-5.4933176,-4.9457927,6.4208565,17.282206,-10.769813,-8.701275,-4.8708405,-3.167366
39,-4.88877,16.809452,10.281479,-7.0866885,-6.517099,-2.7267244,-6.172311,-7.7798414,7.938661,-0.30596513
40,1.2455169,1.6310166,18.846268,-1.2530327,-3.928029,-2.1461744,-0.65186286,-9.932476,-1.1961895,-1.0078697
41,-0.40452424,-0.10122484,-1.7641172,-0.78180385,-3.5050387,-5.7473783,17.870691,-4.7291446,-1.5841851,0.29092094
42,-2.777152,-1.5560836,8.435337,-3.9523363,-6.7538614,-10.755754,24.48613,-11.983171,1.346928,4.0854473
43,0.0036883801,-4.5997086,-3.8011663,-4.577843,0.22832577,0.67918634,-6.41755,-4.146775,21.391914,0.80865115
44,0.0057645924,-2.995206,-3.1377845,-1.5226927,-1.9783679,1.2849649,-5.545041,17.730669,-2.4216225,-0.75436175
45,-0.77045494,0.00704452,-7.0471616,3.5843294,-2.5935502,-4.312842,-5.2219763,23.866756,-5.547258,-2.3547423
46,-2.6428044,-4.0747466,-2.5107179,-2.4818125,4.300209,-2.18006,-3.4050636,-6.573328,-4.110692,23.07188
47,1.542848,-7.194513,2.7530804,-9.18446,-2.2133012,18.156034,-13.261765,-8.336117,14.3069315,4.3743563
48,-1.0539447,-4.043772,-4.5976796,-1.5435288,2.2562852,0.55268353,-4.519832,17.693634,-2.6080332,-1.5880992
49,38.473915,-6.5643306,2.692479,-9.152362,-1.8955892,-11.563962,0.17885265,-17.038044,-1.8743603,6.556436
50,0.39540285,-5.411399,-6.29506,-7.284874,-2.0788536,1.8147871,-4.4915967,2.5353992,24.497356,-3.929587
51,0.34058657,2.1910074,20.772982,-0.65267956,-4.1663165,-1.496563,-3.3178735,-9.929211,-3.5662787,0.10608337
52,-2.0227027,-3.7163715,-2.322358,0.9693789,-0.20113781,-4.176023,-2.5555246,-1.2989888,-4.932214,19.97589
53,-4.800584,-3.0846062,-7.857565,10.308959,8.417934,-10.813385,-7.5132656,3.3862793,-4.2974844,14.157408
54,3.580305,-7.9773746,-0.8161845,-7.39109,-4.016626,1.4668958,-7.2254324,-4.9285426,27.8078,-0.81156754
55,28.973604,-0.35187718,-4.152963,-2.80702,-3.2566762,0.22532037,0.03171459,-9.525798,-3.061885,-5.9130626
56,0.9479368,-0.3018025,-1.2358451,-1.5446993,-4.567809,-7.217082,22.64801,-7.201723,-1.0810509,-0.78581893
57,-3.4432342,-2.671343,-2.7688472,-2.9774263,-0.62039334,1.1009043,-5.910737,-0.82131153,17.778605,-0.018308304
58,-2.0697114,-1.4461814,-4.742495,-1.9817535,-0.016804747,0.40419802,-4.9665713,18.921251,-0.8660635,-2.4670658
59,-1.4819759,-2.7070806,-2.492957,-4.215076,-1.7737864,1.7559606,-5.066924,-2.2565112,18.293396,-0.70327914
60,22.77045,2.3678293,0.9108099,-2.3681684,-1.2950728,-5.211792,-1.4668101,-10.126433,-1.1202753,-4.708641
61,23.858147,-6.090642,-5.5188556,-7.472672,11.522223,-6.626415,-4.330718,2.2010527,-4.896532,-2.605266
62,-2.3593519,-6.192571,-4.315259,-4.712925,23.390783,-6.5108237,-2.6858902,-5.0116043,-7.0534644,14.761524
63,-2.0408604,1.8296988,-3.0419817,-5.0788126,-7.180686,12.554835,-12.042155,2.4913044,-3.76229,16.865437
64,-2.867939,19.332838,10.386748,-10.257265,3.3798275,-9.991793,-2.5236144,-15.229746,15.621697,-7.2304134
65,-0.72684044,-12.096864,-3.8464208,-13.132743,18.618616,-1.0929713,-6.09698,-6.2481537,23.208145,1.276504
66,-1.4259216,0.4332172,14.393183,-3.2740157,-6.5102954,-11.221142,22.203527,-12.213736,-0.32089913,-0.99370104
67,-0.82541305,-6.802853,-7.391817,-6.6828074,19.07005,-2.8745081,-5.4674435,18.10846,-4.501418,-1.909319
68,-1.7072634,0.8911388,17.740883,-1.6727296,-2.7660055,-2.8633964,-0.9959693,-5.5597568,-2.7738621,0.5059956
69,22.781952,-2.1251721,-1.2605188,-0.41079268,-1.4238474,-2.6955485,-1.6578397,-10.318412,2.168338,-4.8476157
70,-1.3028651,5.4076033,25.823608,-4.1660132,-6.075318,-2.3942153,-5.1619115,-10.725368,3.3852367,-3.960927
71,3.1230261,23.620876,-2.1229625,-5.0629654,-1.753925,-2.1517944,-3.3698723,-4.0282907,-2.764145,-5.781268
72,-1.4804376,-3.4017255,-3.8713427,-5.894308,22.963459,1.7465131,-4.3010864,-0.693248,-3.827442,-0.35255185
73,-1.2739359,-4.2487597,-5.754941,-5.8952937,27.900425,5.3000455,-5.560656,-1.9663198,-5.350386,-2.2438776
74,-1.4843911,-2.9323924,-3.8040013,-1.9395633,-0.47973806,1.7022648,-5.1277723,17.805496,-1.3005536,-1.8834149
75,-2.276518,-5.073972,-2.9206448,-0.7083912,1.6047443,-5.1826243,-1.8418016,0.43846226,-5.3452334,20.51836
76,8.577409,-5.0434794,-3.7282388,-3.29796,-1.591349,24.13954,-9.132176,-6.2883444,0.16976711,-2.0575907
77,-6.7236257,-9.588109,-3.760651,-10.550416,14.519144,-8.893246,6.258773,-3.6382706,0.7325678,21.487762
78,0.16706474,-2.8703854,-3.2669094,22.628202,-3.5417528,-5.449542,-2.4392974,-2.198812,-2.7341707,-1.5839919
79,2.0429544,22.272694,-1.8062853,-5.387167,-3.118723,1.8637512,-5.3870716,-4.7510247,-1.1471318,-5.001458
80,-3.2498317,-4.855507,-2.8319473,0.23068699,-2.0459414,-7.914608,-0.8843204,-5.473398,-1.4659138,27.189741
81,-0.4058554,-2.0381036,-4.895824,-6.7130103,21.881933,11.4650545,-6.932847,-4.9017673,-4.0898547,-2.724252
82,-3.5099242,-6.0145636,-2.5768607,0.013342788,3.2203522,-4.7595024,-2.1159894,0.34999678,-6.980141,21.255728
83,9.021031,-4.335489,-6.903338,-4.831066,-1.878641,-3.3477433,-6.597223,26.170742,-3.658508,-2.8072274
84,-0.29323074,-3.7890105,-1.5775858,-5.344949,-2.3373237,-0.36864436,0.6443567,-5.323004,20.727177,-2.9602935
85,-1.3913472,-2.3608158,-3.9181485,-1.6840788,-0.752745,1.0458484,-4.333686,17.078335,-0.6052177,-2.6354911
86,-1.4764143,1.2409843,16.022161,-1.2728375,-2.7863631,-3.3891985,-1.4690917,-4.544363,-3.544883,1.6075814
87,-3.0754607,-4.7474904,-2.3117533,1.1826843,1.5598083,-5.0456233,-1.0775902,-0.49759132,-6.7293596,20.642395
88,-2.34122,-4.4974904,-2.1571786,-0.9136452,-0.33307678,-4.0794373,-3.2860124,-2.4627225,-4.3479047,24.084558
89,-2.2391145,-4.650166,-2.3524642,0.26582518,1.0933802,-4.4764256,-3.3288906,-0.46856558,-3.8275263,19.307962
90,0.8396081,1.1169734,21.746828,-0.99590003,-4.2397995,-3.0963135,-3.2363594,-7.3019733,-3.4126441,-1.4410068
91,-0.63671017,-3.4068289,-5.18517,-2.0692189,-1.7317322,-1.0582316,-1.2486113,17.570595,-0.27755314,-1.5840065
92,-2.623845,-4.134119,0.27732292,-10.76576,-0.25434172,14.55982,-11.328872,-9.253981,-1.0324162,24.91138
93,-0.6236448,-9.363919,-5.3924193,-9.7208185,32.22672,-4.154159,-1.6903172,-9.183468,4.3400445,3.0100322
94,0.15018967,-2.713749,-4.324366,-6.5681796,24.237488,0.988679,-2.7355475,-2.6037464,-3.3073556,-2.5824234
95,-0.35391068,0.15370727,-0.96789753,-1.2127129,-4.2453656,-5.9701204,18.997753,-5.329113,-1.9811271,0.7198377
96,6.2897444,-5.4269743,-3.6687987,-4.5313687,-2.7463393,3.3475864,-5.0331163,-5.4342484,20.29848,-3.0046754
97,-3.2839687,-7.5105653,-7.621422,-6.6084948,17.303247,0.031491302,-6.9837,19.380928,-5.8840823,1.8997703
98,-3.2607515,-2.9173045,0.15103313,-4.1963325,-0.3959345,-3.700799,-7.0411363,-5.8564787,20.533556,6.6770926
99,-2.9903185,-3.7330737,1.7064593,-5.518538,-0.057317257,-2.0723543,-2.918616,-5.6713266,19.679659,1.0722914
100,-1.7364564,-2.1907113,-4.390455,-1.945306,-0.7455357,0.116253026,-4.141672,17.851517,-0.9477756,-1.3821704
101,-1.31746,-5.1904426,-4.791419,-6.772264,25.215225,0.5411026,-2.9833376,-3.792919,-3.2394106,2.3816879
102,-2.6783712,-5.9106236,-2.5320027,-0.76667005,1.6102178,-5.138513,-1.3724197,0.5007411,-4.6840315,20.076984
103,-2.983561,-3.1465323,-5.2038736,-9.153308,-0.25587076,4.0630026,-8.202359,-2.8645797,29.074749,-2.3720462
104,-0.9554119,-5.4685454,-2.019193,-1.3601247,1.3426005,-4.8121033,0.09469733,-2.3771381,-5.0359907,19.977951
105,0.4032381,-6.267266,-8.158192,-6.880798,27.94164,11.049488,-9.841739,-2.2731836,-4.9563603,-0.27949926
106,-2.7330654,-1.42064,22.443575,-2.3435123,-5.0463963,-1.8551744,-5.423411,-5.4306827,-1.4277892,5.17845
107,9.027681,-1.8489654,-3.1619463,-5.694189,-3.2086086,23.060888,-9.888983,-0.35796237,-2.3445365,-3.915804
108,-0.68582547,-1.4824287,-5.606603,-4.0072813,-1.3060898,6.4321265,-7.4652753,21.830938,-3.5643685,-3.0987437
109,3.2586713,-4.620497,-9.126024,-1.153293,21.69974,-7.3243465,-5.4766,11.4068365,-9.332105,0.37044123
110,-2.1553936,-6.310943,-0.41717985,-9.174543,5.952066,17.702892,-9.711425,-3.350276,-0.6795657,10.203738
111,-1.0586102,-3.082176,-4.127758,-1.937493,-1.6671814,1.8055978,-5.5133753,18.567406,-0.30931684,-1.9384226
112,-2.864121,-1.499255,-3.009971,-3.3963578,-0.7275619,0.8581881,-4.659629,-0.15160981,17.174635,-1.8632114
113,-0.38454774,31.315838,-2.4445205,-8.521058,-5.5156345,-1.6438522,-3.8296313,-6.3065276,1.5647278,-4.9743056
114,1.4135876,-2.8553247,-4.6873317,-2.5528998,-0.390123,1.7118601,-4.777928,16.256104,-1.0709996,-2.596364
115,20.24645,0.7866038,-0.6217581,-0.69435745,-1.9822177,-2.8090012,-1.1898696,-5.470033,-1.6223778,-5.9412704
116,-5.4801044,-6.57312,0.4008585,-10.886085,6.9767127,-1.5267026,-9.589838,-4.650876,22.803398,7.8323636
117,18.882166,-1.386435,0.5554929,-0.15148184,-0.58055556,-2.8601077,-2.4391978,-8.367615,1.0594118,-3.9396763
118,-0.47793972,-2.785512,-1.4025402,-4.1111703,-1.9883002,-1.3938161,-1.6318321,-3.2898996,19.16792,-2.0327535
119,2.370624,-1.8382407,-1.4444151,-5.3469253,0.4157364,24.893959,-10.423724,-6.1222715,1.4943913,-2.8270454
120,4.579725,-0.6964278,-0.961287,-0.9764308,-3.9060707,-7.8738427,23.882318,-9.290823,-2.266207,-2.3948874
121,-0.33659062,0.7671657,22.533909,-5.3797145,-6.368372,-9.341798,12.368062,-17.402971,9.188463,-4.5535736
122,23.734537,-3.134142,-2.4535675,-3.3865104,8.300843,-2.4262252,-4.8568954,-8.049247,-3.4267473,-4.170236
123,-0.5083373,3.9192204,26.087078,-4.227688,-5.2097235,-1.6524212,-5.3063655,-10.883655,2.5495687,-4.2567925
124,-0.46347934,-2.502886,-2.3435721,-4.1961474,-3.9821954,8.948017,-6.766628,-8.164164,-1.4158379,21.539026
125,-1.961318,-3.1624012,-1.7538592,-4.4833,-0.32544583,0.49881452,-3.680441,-3.2666295,20.11514,-2.2097356
126,-2.728685,-3.8233066,-2.7556632,-0.43154097,-0.2365073,-4.170612,-2.7242405,-1.9180999,-3.269687,21.845528
127,11.145064,-2.5111256,-5.0127664,23.157415,-5.9884934,-10.135716,-3.2057076,-3.3702288,-7.1659384,1.2409627
128,-1.4061497,-0.97530556,-2.088886,-5.3833356,-0.45685202,1.4411764,-5.6438355,-4.899658,19.855865,-0.794097
129,-4.0260525,-5.33822,-0.6898713,-8.089987,1.312213,-2.9716904,-6.438079,-1.4360104,24.578524,2.0261526
130,-2.4243026,0.2406412,21.54259,-2.6081796,-4.9000816,-3.9588912,-1.7971282,-5.9116464,2.1245816,-1.2780316
131,-1.9078925,-3.2001197,-4.6495237,-1.9979218,-0.5745568,-0.1760332,-4.8376822,20.004406,-0.6991274,-1.5872195
132,-1.6855717,26.30756,-1.9885597,3.804164,-2.9599972,-5.0308766,-9.396498,-9.70583,-7.077431,6.0516114
133,-1.299425,-6.263107,-2.1842866,-8.007297,28.243637,-2.316056,-4.0588655,-6.1338925,-1.1730993,2.8056295
134,-2.824545,1.3995034,-0.08375257,-6.29368,-4.654795,-8.284663,17.0624,-11.169191,16.956095,-1.7155629
135,-0.14857394,-1.2284794,-2.933736,-2.4227269,-4.70728,-8.881711,22.487455,0.56780386,-1.512453,-1.4677266
136,-2.2654064,-3.9183874,-2.149413,-0.43413058,1.0014267,-4.488735,-2.5073857,-1.7723091,-4.7170095,21.205462
137,-3.675102,-1.5467347,-6.873562,-1.7137005,28.49786,-3.1469483,-5.69039,-1.399925,-9.72923,4.8949842
138,-2.060982,-2.7686982,-1.0290167,-4.147872,-0.21925128,1.1090264,-4.4411387,-2.7315457,16.21342,0.67501825
139,-0.9694565,-5.4165707,-3.826969,-6.123956,23.599573,-3.370603,-3.800187,-3.1797307,-3.987379,6.4350677
140,-4.1268983,-1.9816862,13.836931,-8.248941,-4.2726707,-6.1269712,0.82662153,-14.247442,25.355207,-1.1357902
141,-2.3688262,1.3406893,16.78527,-1.2313044,-3.242526,-3.6641018,-0.98129416,-4.006219,-2.5566173,0.25747827
142,-0.9609644,2.0909567,22.911242,-1.8836036,-3.660337,-2.4113915,-2.2803216,-7.8572645,-4.536797,-0.9146415
143,-2.4297826,0.3997427,16.758926,-0.86825556,-3.4884634,-1.9686043,-0.5627203,-4.9983683,-2.1638,0.24554196
144,-2.9118783,-5.27292,-2.634205,-1.3040563,-0.44135213,-4.3776965,-2.4569838,-0.9627988,-2.133554,21.996582
145,-2.6574724,-2.4397945,-6.322534,-4.3390026,1.9395251,0.41883662,-6.8815937,25.209135,-3.6495602,-0.88596517
146,20.036707,-1.2347425,1.4132636,0.7862514,-1.2590456,-3.1031947,-1.0768262,-10.2119055,1.8288527,-5.2391934
147,-0.6051242,-3.2633262,-3.7339869,-1.0011461,-0.010446481,0.79751974,-4.367853,16.604856,-1.6955185,-2.28903
148,1.6429142,2.499487,-2.5468354,-4.5980616,0.28380716,23.226028,-9.60589,-4.4697833,-2.3172328,-3.167173
149,-1.6723102,-4.8907723,-6.7305894,-6.4955263,29.610521,0.85450655,-4.6976614,0.97305185,-4.986362,-1.3859956
150,-0.19924216,-3.6127763,-4.617152,-2.5882833,3.0849228,1.5216975,-2.8662763,14.154105,-1.5043213,-2.7970562
151,-2.145288,-5.65503,-1.7894372,-5.0791545,-0.5493695,0.534002,-4.66049,0.44981858,18.65949,-0.48662192
152,12.175156,0.90900576,24.716518,-3.6033733,-4.400008,-5.409875,0.17708108,-16.720715,-0.84719366,-6.0343914
153,-2.6011555,-3.9538095,-4.9598036,-8.072186,16.669851,-16.583935,24.39134,-1.4119675,-0.7161915,-1.8198106
154,-0.9403846,0.5051329,13.143826,-2.798251,-7.3810806,-12.155098,24.204184,-11.790022,0.91834784,-2.824836
155,2.3473861,-6.502023,-6.9852414,-3.6013741,-1.2841101,-3.5647738,-7.5283093,28.371357,1.0215545,-1.7438494
156,-1.2876732,-2.7272887,-4.544636,-1.9397838,-0.8075621,0.11690364,-2.8773737,17.236473,-0.86411697,-1.7426276
157,22.655308,2.980392,2.7368214,-0.607273,-2.7728405,-6.58775,-1.4157858,-11.04742,-1.020287,-4.9924216
158,24.627443,-8.9583845,-0.97280514,-1.4224205,6.1361003,-10.95901,-9.7359915,-17.29369,5.3378367,11.788762
159,0.38774514,-2.5519316,-5.0940375,21.903503,-10.8333,-14.710759,19.172691,-6.915739,-4.9240274,2.469507
160,-3.4655657,-3.0555167,-7.17142,-4.013607,6.149889,-4.475859,-2.6095676,24.251797,-5.1613793,-0.11283971
161,3.3673236,-2.3265548,-4.8768654,19.808002,-6.4894123,-10.913921,13.53764,-7.4652014,-3.7536056,-1.4172841
162,-1.1862206,-2.3299513,-4.652608,-2.1806872,-0.541007,1.2760057,-5.2637973,19.728111,-1.524134,-2.6268086
163,11.309447,1.6199013,-3.983373,-4.912561,1.5125886,22.715199,-11.849194,-12.103101,1.4489768,-5.305713
164,-3.725494,-8.814968,-1.7331778,-9.821455,2.0707068,-1.9834177,-9.678921,-5.5275226,31.253218,7.2624454
165,25.064054,-4.473826,-2.136507,-1.4225465,-1.3072277,-3.503817,-5.8307867,-9.040145,6.316101,-2.8306313
166,-2.447385,-6.904308,-2.2635334,-7.273822,6.4493623,-2.3369286,-6.0704927,-5.7814856,24.910103,1.125362
167,-0.5003812,3.5225718,20.090046,-3.1109557,-2.7711859,-3.9428475,-3.4025385,-6.254117,-1.8640575,-0.35418347
168,21.113987,4.559467,-2.0020285,0.15718228,-2.705052,-3.9015489,-2.1489608,-6.9530506,-3.0356047,-4.8915114
169,-0.405198,-0.98678356,-2.6790297,24.035744,-2.0349092,-6.0602226,-4.6171274,-3.811261,-4.6958966,-0.07892803
170,-1.4274817,1.3438044,17.743425,-1.5411499,-3.832449,-2.7759206,-0.8683047,-5.565165,-2.9505498,0.3907329
171,-1.615724,-3.9172614,-5.5572667,-6.244453,24.019337,1.3261282,-4.0756583,2.9766674,-3.957074,-1.9426638
172,-3.0624368,-5.5395856,-9.1062355,-7.005378,36.344814,-8.805654,-4.11265,4.4999747,-6.2166314,3.2816575
173,-1.4379331,2.44791,17.472782,-0.5099915,-3.8570852,-3.0339506,-1.5429777,-6.6461306,-4.3765917,1.7660855
174,24.191269,-4.338573,-2.7779632,-3.0262446,-0.31161582,0.552422,-0.8066586,-9.902909,0.66361916,-4.022743
175,27.27683,-2.9325342,-1.6018578,-3.1767797,3.085991,-3.8081381,-1.799962,-10.671689,-1.0709198,-5.092794
176,15.291174,9.470073,-4.0988913,-6.0578885,12.483974,-10.462341,0.65822136,-10.4694395,-8.367336,0.66071916
177,31.847279,-4.609961,7.230253,-3.3275723,-0.0058213323,-6.1217165,-0.56743646,-16.489782,-1.0828286,-5.7356286
178,-1.1296049,-2.232002,-4.7307577,-5.4805393,2.19133,20.61208,-11.055839,9.055344,-3.4219494,-2.348834
179,0.2843408,-2.6681724,-3.5700705,-4.786637,22.449394,1.1706674,-3.3236923,-2.1494741,-4.155485,-2.7290645
180,-1.2047075,-2.5997405,-5.2262564,-3.3286788,-1.7807772,2.242415,-7.428291,23.185518,-1.5421641,-1.6845224
181,0.648984,4.836846,21.007265,-3.9752142,-4.243899,-1.783184,-4.024132,-8.320754,-0.060959123,-2.2898386
182,-0.59370357,-5.511634,4.866057,-5.003022,-5.3345613,-1.3962834,-0.62240493,-10.228062,24.115322,0.04142485
183,-1.4827327,-2.271805,-1.8452113,-4.2024474,-2.955635,0.69501656,-2.5853155,-4.7324204,18.588423,0.032459624
184,-1.8994155,-0.8636488,-2.3033078,-3.8512228,-1.7747546,0.9389152,-4.360975,-3.5020475,17.905182,-0.5224918
185,-1.6163592,3.7859383,-7.172932,-6.248898,-0.97244024,-5.234042,1.5720433,22.832922,-2.7742434,-3.0751333
186,0.21785852,-1.8693279,-3.4499795,-4.786994,20.781301,-0.636911,-2.8005965,-1.0557723,-3.7857864,-2.1226187
187,0.110896185,-1.5207671,-3.0798812,22.218206,-4.0496325,-5.9174547,-2.637516,-0.5387284,-3.602411,-1.9657811
188,-0.45238152,-2.9439356,-3.4929163,-6.1710734,23.36498,1.6077211,-4.069029,-0.5514098,-4.5340466,-1.4392858
189,-2.0108044,2.0293763,17.001547,-0.8856581,-3.885604,-2.1447797,-2.350686,-4.8352036,-2.7943726,0.3149649
190,0.10765518,3.2502062,20.474333,-4.467558,-2.8031697,-1.9781458,-4.179855,-6.2517867,-0.17755869,-2.4729915
191,-3.2315903,-6.6347976,-3.9667926,-6.766474,21.343393,-5.906873,-4.8487353,-5.0427604,-1.8785436,15.3825
192,0.86190265,-1.9446976,-4.5748982,-3.7569826,-1.2987541,2.566782,-6.547295,19.99485,-0.8091074,-3.3388236
193,-3.2137218,-3.8631148,-4.6494327,5.7544165,-1.7601061,-9.916167,-3.2604036,-9.223524,-2.4823663,30.506056
194,0.6563577,-5.2549024,-2.6762993,-7.8385906,-0.74497086,17.32779,-10.003571,-4.7527795,17.590311,-3.1395712
195,26.063108,2.8260612,9.486527,-6.489809,0.3558737,-8.303224,-6.4704304,-19.645334,13.613773,-9.498459
196,0.4706572,22.559702,-1.9377398,-4.2957087,-2.112907,-1.6722223,-3.4320538,-3.9239876,-0.81489944,-5.1003885
197,18.788502,3.9175103,-6.3707285,-3.6021345,11.153304,-0.7581936,-9.914515,0.8810056,-5.8899755,-8.583863
198,25.631065,0.1704889,-2.065927,-3.170049,-3.3198438,-5.89504,-3.7207448,-7.5369067,-6.1348577,5.2034774
199,1.4903224,-2.4430242,0.68951166,-6.5033417,-0.7123273,25.00998,-12.0675,-8.580726,-1.4656347,6.193366
200,-1.6828738,-3.0595875,-4.777053,-3.4832659,-4.1526914,-7.411341,14.626942,12.120913,0.07995217,-1.781539
201,-2.6597319,-6.424079,-2.850502,-7.6150036,0.36646163,-1.13977,-5.6183925,2.4753501,21.961077,0.31391704
202,8.914565,-1.857697,-2.9832861,-2.3308208,-2.4618402,-8.98192,24.71086,-9.716576,-2.8067243,-2.4752946
203,-1.7476019,-2.7694259,-7.566899,-4.747969,-2.0995908,2.5811732,-9.35016,28.814129,-2.3136704,-0.19951093
204,-0.13720834,3.4042354,21.253592,-3.728799,-3.9183803,-3.9394574,-2.8116002,-6.7809076,-0.806482,-1.7435908
205,-1.6990038,-4.198752,-5.3219686,-4.456768,27.680779,1.6828206,-5.3664355,-0.59592867,-6.3411827,-0.7975896
206,-0.28744128,-4.3567004,-6.0415606,-5.4493947,27.063608,-0.7860114,-3.652725,0.48264968,-4.8068337,-1.7967663
207,0.103911355,-2.5560446,-1.2570306,-4.9416833,0.4221148,21.21388,-7.99836,-0.62508327,-1.1327059,-2.0938134
208,-2.4706113,1.0400486,16.558365,-1.2495902,-3.2874775,-2.7665536,-1.421936,-3.7890213,-2.0606983,-0.14780653
209,-2.802007,-4.258408,-2.3651564,-0.6168841,1.0891514,-4.7978187,-2.3334682,-0.52999455,-4.859531,21.370764
210,-1.4921998,1.7272125,16.788494,-1.4109912,-3.0324721,-3.5976799,-0.19935197,-4.821683,-2.4140575,-0.7620564
211,-0.45781484,1.9173237,24.15543,-3.7022588,-3.7743592,-0.82560784,-6.142712,-9.711788,0.5544404,-1.5516664
212,-2.9716716,-3.4905996,-2.2286305,-4.0034876,-0.861517,-1.034181,-4.5863886,-7.8952456,-2.6555452,29.347935
213,0.2125555,1.1812392,-0.55581564,-13.674648,23.764835,-6.412332,2.9422624,-17.206476,11.226125,-1.4374052
214,5.0625386,-5.350738,-1.1977892,-7.2862005,-1.1710093,-8.464898,11.482848,-12.252272,23.386843,-3.2326584
215,-1.6298293,-7.3348894,-6.7639146,-7.2684693,31.056316,-4.092576,-6.1207757,-1.8816302,-2.7184546,5.6922493
216,-1.3093017,2.260577,19.449028,-1.1550697,-3.8482728,-2.9731655,-2.2981303,-6.6929016,-3.3679636,0.5306138
217,-1.4327455,-6.8578944,-0.9726739,-7.066139,2.1971855,-0.68036765,-6.1172156,-4.6477084,26.01894,-1.0719826
218,-3.225655,-4.7154264,-2.2961211,-2.1816065,2.2438216,-5.401908,-2.08951,0.6361243,-4.8081384,21.060486
219,-2.234814,0.5512407,29.336302,-8.031823,-6.495081,-6.485579,-1.5932326,-12.287346,12.416823,-4.0667963
220,-1.0929525,8.2213335,-3.818221,-2.8283176,-7.8128715,-11.978322,30.809204,-8.998365,-0.54429543,-2.482008
221,-2.0059001,-4.139247,-4.248134,-5.420009,23.446297,-1.5282074,-3.876777,0.47353747,-3.7720237,1.3087564
222,0.5296754,-4.73892,-3.2484827,-4.9657254,0.84452426,2.5187294,-4.2982416,-5.1066628,19.55322,-1.4093807
223,-2.61809,-2.135053,-6.3589616,-3.2880573,1.8958746,0.7967827,-7.1265616,24.946964,-3.2499635,-2.3571496
224,-1.0586078,-3.9187388,-5.033643,-2.4518564,1.9273008,-1.4953659,-2.336965,18.524694,-3.7808135,-0.043091923
225,20.11637,-5.1912384,-4.082492,-2.161117,-1.3204409,-2.0661726,-5.0666714,-8.468063,11.487998,-2.725686
226,1.8927737,0.38505888,-2.463856,-4.5652175,-1.5615104,-7.447447,23.056164,-7.7625294,-2.4525754,0.45702794
227,-1.8898457,9.471532,-0.3240001,-8.419021,-1.4992926,22.670773,-14.298303,-6.4409146,4.6935534,-3.1450849
228,-0.58036023,33.980877,-3.7596734,-4.387582,-7.8346868,-3.3983946,-5.426154,-4.2909627,-2.5206873,-2.2455523
229,-1.1458051,-2.0874517,-4.439785,-1.8475815,-1.4582098,1.4486592,-4.385456,17.137728,0.057593532,-2.3934886
230,-1.5105814,0.96838164,16.951733,-1.1373749,-3.9114494,-1.7989626,-2.0870547,-5.2611756,-1.7182343,0.15231386
231,-1.3817922,-2.5745313,-4.6903205,-1.9444768,-0.43801546,0.3280181,-4.385141,18.96402,-1.5176805,-1.883983
232,2.114139,-4.7458963,10.3158655,-6.8247657,-3.4586024,2.5890477,-6.6442227,-8.918614,20.013008,-3.8312404
233,-0.52400434,-3.6384513,-5.5782413,-1.7276914,-0.7550428,-0.82418865,-4.080483,20.549002,-0.6044096,-2.3757844
234,-2.4723206,-3.761582,-6.2540984,-8.831629,-2.8747635,0.23241413,-10.053595,16.156166,21.48582,-3.270649
235,-5.338885,-4.388184,-4.5453467,-3.6251333,-3.217855,-6.608944,-3.8401988,14.334148,-4.258416,21.173658
236,-3.2572687,-4.6569643,-6.0827694,-7.3223944,31.209314,0.18149167,-4.8358793,0.8384703,-4.2993827,-0.8534265
237,-2.075351,-5.948583,-3.3810894,-2.3872225,0.38196352,-0.57904094,-8.632246,-5.301172,25.840456,1.5729446
238,28.33409,-4.2315936,-3.2968752,-7.297168,2.2481465,-6.404529,-6.247821,-9.389169,12.683113,-6.0669637
239,-1.459128,2.2426105,17.162672,-0.9083543,-4.0424776,-2.8240244,-2.3054967,-5.939125,-3.428952,1.342521
240,-2.0397608,2.582217,19.210476,-1.564809,-4.449658,-1.4488447,-2.130382,-8.324808,-2.702334,1.3494749
241,-0.7306865,12.444666,7.896555,-9.583928,-5.7218266,-13.838765,18.647844,-19.928051,16.878168,-4.8474336
242,-1.2098979,-4.2954764,-3.969076,-4.429907,25.037416,-3.5367358,-2.8532426,-1.8520858,-5.4717383,2.3940868
243,-1.7480932,2.265993,16.881506,-1.3872435,-3.5530272,-4.0044656,-1.6437509,-5.0962462,-3.4360955,1.9548898
244,-1.7709416,-1.6524692,-4.6784654,0.24859823,-0.3819881,-0.7478871,-5.3082604,19.47511,-2.262293,-2.7297366
245,-2.3072655,-4.176513,-1.8743311,0.37476477,2.2009082,-4.269674,-1.8657666,-0.9440314,-5.961427,18.91661
246,1.7527533,-4.2368393,-4.262521,-5.9692,25.3872,0.78125924,-4.317002,-3.6343045,-2.8236978,-2.3484135
247,-1.0549413,-2.956884,-2.981773,-5.4901376,21.956455,0.76669306,-4.223985,-0.46507198,-3.188092,-1.5104951
248,0.51260483,-0.6720253,-2.3593116,-4.8066382,3.7478142,22.196491,-8.382915,-4.990477,-2.1344604,-1.9884081
249,22.469383,9.675938,-0.0022886395,-0.8125527,-1.4027478,-6.0258856,-6.148518,-10.033928,-1.870713,-6.8999634
250,0.12411299,0.29784757,-2.286898,-1.7152708,-2.9824204,-7.522355,21.22314,-4.6550274,-3.2348878,0.23023108
251,-1.894688,-2.5677547,-4.9725785,-1.9164362,-0.6616352,0.20297444,-3.466849,18.227854,-1.396339,-0.90577525
252,20.07452,-4.17701,-2.3237514,-4.8044863,14.849256,-3.1294482,-2.0852203,-10.391887,-4.223935,-4.0903
253,17.654238,12.6233015,1.7301482,-3.4867232,-0.71379685,-5.6872687,-5.656312,-12.712671,1.4080074,-6.3071485
254,-3.358247,-6.3799467,-6.513331,-5.6278043,32.907917,-4.0374937,-4.6844172,-3.744066,-5.573301,6.466736
255,0.7627776,-2.1141949,-0.97100294,-7.32874,12.600756,-10.837595,3.3851597,-4.9319224,15.597338,-5.1880765
0,-1.0245949,-5.1055884,-2.6094282,-2.5097277,-2.0478864,-3.8085403,-1.746468,-3.0508804,0.8531803,20.869053
1,-0.47032493,2.3850741,7.917015,-3.3436282,-4.0125465,-10.893357,24.884819,-12.130526,-2.780636,-1.3874383
2,-2.4835532,4.404675,3.1766992,-2.3508375,-6.9157863,-11.142524,28.763163,-10.6923485,-0.17430672,-2.7690024
3,2.362276,-5.969902,-2.9331613,-9.858095,32.132927,-5.211348,-0.28813148,-11.745864,-3.0067265,3.449182
4,-2.5735714,-11.133479,-4.614141,-10.686785,-1.2720495,-0.6447442,-7.4269114,4.902603,31.3603,1.6823268
5,0.009704951,0.6639714,24.119066,-4.2776074,-2.2636714,-3.271396,-3.0429146,-8.685215,-1.0289872,-1.0661044
6,0.35790882,-2.2793727,-3.4943395,-2.4264889,-0.604409,3.1223943,-3.279172,14.2661705,-1.8190985,-2.795617
7,9.640141,-6.8508134,-8.607126,-5.827398,-0.20491415,-10.347994,4.287077,23.93887,-3.065646,-2.4632454
8,-3.0189307,-3.0241632,4.500234,-5.4859257,-1.966456,-0.7495763,-2.240547,-3.9302347,18.805918,-2.8221626
9,-1.5962813,1.4187446,16.866247,-0.8825318,-4.1446114,-3.0843658,-0.55087394,-5.6608634,-3.7074213,1.5181748
10,-0.087593585,2.9321902,21.949415,-4.672456,-3.6186728,-3.7893445,-3.2991035,-6.369864,-1.2055184,-0.89660114
11,0.27725658,2.3545055,22.424135,-4.4681144,-2.9649425,-4.883411,-3.5553384,-5.630385,-2.150715,-0.6410418
12,19.573883,-4.660588,-5.0717,-5.6115417,-1.8629893,1.7150141,-6.1361446,-7.7606497,16.642448,-5.9519367
13,1.9453483,-3.5872846,-5.001862,-4.8794637,24.579235,-3.565898,-0.29165033,-5.761,-6.6043773,3.0217342
14,20.619986,-1.066835,-3.8157868,-6.3549266,3.3564153,16.135061,-9.625139,-10.339054,-3.5191355,-6.1066523
15,-3.4287176,-4.803601,5.2395606,-6.0058055,-0.5159253,-1.9018577,-6.375436,-5.3427296,22.349222,0.30982214
16,-0.20595998,-1.8405286,-6.097421,-5.192779,-3.0113878,-5.5084524,9.041219,14.889337,0.88192147,-2.7292237
17,0.5423153,-3.493741,-2.939433,25.31062,-4.3349295,-7.016038,-2.0878952,-2.499464,-3.0087779,-1.5061746
18,9.570536,-5.0858855,18.351152,-5.7713056,-4.832202,3.0456228,-6.533743,-15.550679,13.7287,-5.6640825
19,-0.702333,-3.6461282,-4.206133,-5.7135525,24.444128,-0.8467114,-2.5653532,-4.065983,-2.6029341,0.13139051
20,-1.1510023,1.6177733,17.19391,-0.65893763,-3.7560506,-3.1640055,0.41525537,-5.9361086,-2.432924,-1.3769354
21,-0.7676889,3.2965322,20.93465,-2.7934432,-3.690752,-3.7723262,-2.8657224,-7.0972557,-1.3734591,-0.71107465
22,-1.0325816,-5.116157,-4.983692,-5.850226,25.252174,1.1720113,-5.2685113,-0.29345465,-5.7618823,2.211686
23,0.24555081,-1.9314716,-2.7486978,-6.9308763,-2.3966541,-0.59302545,-2.3637514,-8.225332,26.177185,-1.7767144
24,-3.2408004,-3.09785,-1.6232628,-0.6547737,-0.92723644,-4.0560308,-3.2886796,-2.7436213,-5.948035,25.313301
25,-3.15794,-6.1026335,-2.5328562,-0.18169495,0.35828775,-7.9874406,0.465032,-2.5503297,-5.2895484,25.770012
26,-1.3603845,1.6315223,20.126745,-0.49810007,-4.3433266,-3.586229,-1.2101018,-7.935437,-4.010423,1.5380803
27,0.41934422,-6.1041274,-5.738686,-8.011183,23.137337,-14.72761,10.52727,0.9759069,3.1582668,-3.1110983
28,-3.7490938,-3.5442514,-3.8803747,-5.8173018,-0.75515485,2.1823003,-6.7688403,-3.6021864,25.447617,-0.55549234
29,-0.7237323,-0.6938735,-1.9313601,0.24298376,-5.47887,-10.446838,26.402716,-8.885984,-3.05027,4.4751353
30,0.16714227,-3.904296,-5.36257,-5.72907,24.107916,7.947646,-6.830519,-1.7915447,-5.350987,-2.3159323
31,-0.6222523,-2.1140158,-3.044804,-5.0164123,-0.7418597,1.5916228,-4.740142,-3.2272267,20.813662,-3.4547179
32,-3.0932274,-4.298617,-1.8756529,-0.58599514,0.23211399,-4.4164195,-2.9435136,-2.5144968,-2.962432,22.44416
33,-2.3511653,-2.0306923,-8.9887495,3.2316372,2.5066338,-6.750298,-7.6760273,29.190939,-5.7759123,-1.7343386
34,-0.048617687,-0.12285036,-1.2557266,-0.47038987,-4.1476393,-6.8680778,19.758625,-4.9617434,-1.9047606,-0.274667
35,-1.863449,-8.206526,-6.655222,-6.217815,29.698965,-5.3988085,-4.466289,-0.3166172,-5.857045,8.844454
36,1.9930338,-4.955081,-4.0248914,-5.017497,-1.1432757,2.902742,-4.776092,-4.635231,21.841463,-2.877343
37,-0.67552465,2.4553163,18.525684,-1.4269549,-4.209913,-1.934059,-0.9177644,-7.661437,-3.6712763,0.16394386
38,-2.3294446,-4.0980816,-9.935054,16.734465,1.501242,-8.04365,-9.935049,20.158821,-7.1467996,1.3607714
39,-3.1838326,-5.22099,-8.668424,-6.2251115,26.317728,-2.6846192,-8.886754,17.214716,-4.7939897,-3.046139
40,-2.9935777,-4.035763,-2.307527,-3.097989,-0.31642476,0.9801432,-4.151632,-3.2010884,18.754421,-0.19226587
41,2.8232963,5.6597295,22.006796,-2.217894,-5.2992954,-2.9378426,-3.0335243,-12.552383,-4.174452,0.15577653
42,-0.93769497,8.350024,-8.237096,-2.0294552,-3.3926916,-1.7486955,-8.653534,24.245453,-2.3268726,-4.918023
43,-0.88745695,-9.338624,-1.2470921,-11.543511,19.383266,0.6479452,-5.7108874,-9.047848,17.135502,0.73738116
44,-2.4573052,-5.3170266,-2.6948137,-1.0849646,-1.8576809,-0.29373142,-3.0953088,-3.8760903,-3.5099335,24.310911
45,-2.374541,2.7934163,27.92911,-4.615753,-7.2675595,-5.6641107,5.06952,-13.922047,2.523684,-2.8997939
46,-0.6128948,-3.2716982,-4.2365613,-1.221532,-1.0782248,0.14494258,-4.643481,18.71558,-2.6712172,-0.8773654
47,-0.07006654,1.7345283,23.095793,-0.73035395,-5.062497,-4.4706974,-2.8268836,-8.21184,-2.4553375,-0.7425064
48,-1.5381763,2.4486017,18.405088,-1.6522117,-3.926949,-1.4210541,-2.3758533,-7.8768177,-2.5882733,0.99685055
49,4.702473,-2.8440747,-2.980845,-6.14087,-1.0825005,-12.453737,25.110277,-13.198258,12.750444,-3.2191968
50,-2.0492456,-3.6852098,-1.5891087,-2.9757998,0.22728413,-4.103047,-2.97766,-4.84835,-3.5158565,24.868193
51,-1.214913,4.6161604,22.127722,-3.1267903,-4.3182745,-2.9082558,-1.2770576,-9.381332,-3.3510907,-0.49769637
52,34.210243,-5.701776,-2.719518,-0.63059664,0.77205,-6.9440703,-2.5207248,-11.752302,1.1394293,-5.641434
53,-1.6332618,-3.844533,-4.2960978,-2.3586535,-0.47852212,-1.0024765,-0.22925052,16.833282,-2.6641347,0.45206138
54,-3.7838278,-8.349847,3.746463,-11.936692,26.250935,-4.6863666,-3.382941,-8.907778,9.008079,2.0852587
55,1.4331048,23.077633,0.09324792,-3.936221,-4.3853507,0.5077345,-4.2653522,-5.6639876,-1.6049395,-5.1321373
56,-1.9593867,1.1931307,16.56957,-0.9963156,-4.106294,-3.648847,-0.4051706,-4.1286554,-3.3821275,1.1387212
57,-0.8592193,-4.4576235,-2.2381537,-0.98626065,0.081174135,-4.6809707,-2.2467892,-1.0515304,-4.834525,20.975676
58,-2.5592911,0.7749857,27.784334,-6.381354,-1.8634616,-4.8450437,-4.2172427,-9.369389,1.544962,-0.06539163
59,-0.18204805,-1.0197918,-1.9437926,-4.8106246,-0.30145693,23.188236,-9.635254,-1.3894925,-1.4840602,-0.98735887
60,0.39074427,-3.626988,-5.461653,-4.549259,25.230217,2.9457588,-4.3087883,-1.6282985,-5.0137076,-3.2040977
61,-4.9973483,-5.339396,4.896302,-2.1767268,0.59765905,-11.529366,1.1145203,-11.1318035,-5.844788,33.356293
62,0.050004575,-2.9798055,-3.516253,-4.985484,22.052132,0.11059717,-1.6492181,-2.6523783,-3.9572647,-1.7315347
63,-1.0354849,-3.6323276,-3.5674214,-2.3318505,-0.7935349,2.3767853,-5.444046,17.452961,-1.1690471,-1.1555061
64,-2.326086,-1.2927183,-1.3055358,-3.5614,-0.8152949,-0.020748466,-5.208101,-1.5573905,16.226498,-0.5519387
65,-3.82786,5.598503,0.66890085,-7.027324,-2.9675817,-3.7137327,-2.819413,-10.181325,26.664507,-3.4935527
66,-2.9794855,-2.235346,9.338035,-7.0528064,-3.9428654,-2.1537044,-5.916389,-5.6489816,21.805912,-0.30556524
67,2.4392717,-0.44995493,-2.0594103,-4.1540737,0.73942757,19.786388,-6.9811745,-3.4746764,-1.9377347,-3.0347629
68,-1.2368342,-3.3260934,-1.8592975,-1.4376174,-0.72307384,-4.5241704,-2.7860768,-1.6228175,-4.518466,21.777235
69,-2.175288,-4.1630783,-4.9519897,5.9342756,0.7830345,-8.989839,-4.0593605,-12.495712,3.0994012,23.949224
70,-0.7702617,-2.5911655,-2.8208015,-6.1194844,21.436737,-0.43831056,-1.4677207,-3.2980802,-2.0542471,-1.0893905
71,-3.7058575,-4.119341,-1.6769735,-6.5830355,-1.9300653,-2.7819202,0.98832095,-4.92395,21.047186,2.6321886
72,-1.0524241,-0.23681602,-4.489709,-7.4804845,32.977425,-0.6083112,-8.338752,-6.227026,-0.33032742,-3.817787
73,4.827313,-1.4026726,-5.9570127,-1.9039296,24.652151,-10.293686,5.7596226,-7.390174,-6.041695,-2.8150873
74,2.627514,24.057297,-0.9673729,-6.5217137,-0.98034143,-2.1443288,-3.9734502,-3.8403518,-2.8108752,-5.6584883
75,0.31571153,-2.0546403,-2.6268117,3.186095,-4.276068,-9.676505,23.776907,-6.073016,-2.5116174,-0.18541108
76,-4.989963,-5.2547483,1.6088325,-6.7104936,2.350277,-0.96904486,-3.4917543,-3.8989203,19.15002,1.9450183
77,-1.0417475,2.5617526,23.965084,-2.2441816,-4.4480247,-3.9925978,-4.0700088,-6.6532464,-3.1409476,0.082674526
78,26.819567,-5.972649,-7.395042,-5.9650064,3.8236585,-7.3822865,-3.594779,6.7024145,-1.4880515,-5.244182
79,-1.2665062,-3.1825175,-0.88843954,-4.3387218,-1.112532,2.9720533,-4.963661,-3.5172775,17.344366,-0.27707824
80,-0.95537,0.7746711,20.859201,-1.2158377,-2.9710941,-5.3704224,-1.9898653,-6.736246,-3.375436,0.5255473
81,-0.31976488,-3.3278227,-6.2299476,-3.3944216,26.65973,-0.2477456,-3.7664778,-0.13286203,-6.032657,-2.3537164
82,-1.3794745,1.3221105,17.094921,-0.63819164,-4.216542,-3.270754,-0.48463628,-6.097919,-4.6758194,2.6225681
83,0.8325425,0.38523665,-2.8033276,-1.2173585,-3.328526,-6.147853,21.823149,-8.106756,-1.6134117,-0.18912826
84,23.240038,5.741792,-0.60895115,-1.1945615,-3.322878,-4.041242,-3.3637197,-10.09816,-0.72397697,-5.730378
85,-0.8570115,6.9142065,16.251554,-1.7851256,-2.9585004,0.21722376,-3.9444885,-9.533616,-0.84251434,-1.6139032
86,-1.0068617,-2.4508622,-3.9938078,-1.759093,-0.81189185,0.9944275,-4.138021,17.64665,-1.0544178,-2.8661861
87,-0.6223627,1.2668142,-9.007339,0.24525787,0.32946748,-4.320151,-3.0112548,23.47787,-4.7086697,-3.8229392
88,4.1069145,20.989456,-3.5410366,-7.193008,-2.591021,-0.5795463,-1.4383497,-1.7126794,-3.8338962,-4.5911784
89,-1.5957465,-1.0848756,-3.2136366,-8.233555,-2.1275592,28.811928,-14.69229,-4.9883904,10.031344,-0.4747474
90,2.5264616,-3.2024298,-4.552384,-6.557762,0.061437912,4.3633122,-4.3536954,-6.3067145,21.023308,-2.9837737
91,-1.4350922,-3.815079,-5.534375,-2.9561718,2.5063248,0.17615497,-4.735442,21.697607,-2.671071,-2.544487
92,-1.9114652,-3.3141894,-5.8463264,22.60827,0.044216156,-9.495303,-6.0285845,-5.0489473,-4.2215037,10.523051
93,-1.1167448,10.832877,17.861088,-2.505119,-5.680599,-2.1742713,-3.3650634,-9.087443,0.0032963455,-3.909519
94,-3.1796894,-3.127083,-2.2398422,-0.3635874,-1.4762374,-2.5368934,-3.6006923,-3.232781,-4.752871,24.435495
95,-0.33128664,-2.712436,-3.7361476,-2.059602,-0.58955187,2.1362088,-3.5017152,15.153779,-0.7180116,-2.7695253
96,15.092101,-6.649773,-2.2108572,-4.91801,-3.278058,-10.513425,21.349205,-16.849438,-1.9569038,9.406156
97,-0.022284832,3.878901,23.67185,-2.8306577,-4.433856,-2.4066584,-2.3461792,-10.983002,-1.8248551,-1.0899593
98,2.2844121,24.805916,-1.3730205,-5.948596,-0.44843328,-2.870765,-4.636141,-5.9952064,-1.609341,-4.587615
99,-1.3904707,-3.3902845,-4.749384,-0.15320429,-6.7843633,-15.005396,29.135769,-6.661739,10.952283,-1.7296739
100,-2.311322,-5.0334992,-9.738863,16.650808,-3.407588,-10.408893,-1.0123954,20.86277,-6.838859,-0.4686174
101,-1.3883952,-1.8041551,0.35212156,-5.2027125,-1.4653898,0.42872,-4.088488,-4.4485817,19.261965,-1.5453392
102,-1.5695255,-0.9323209,24.889435,-4.7703247,-2.4472723,-3.4617937,0.039919615,-10.457839,-1.2046396,1.2120914
103,-0.5673185,-7.1381073,-1.845113,-12.18075,26.563019,-2.4518929,-4.0127892,-10.6105995,11.175457,0.7035181
104,-0.8672345,-3.1500382,-3.8611493,-1.8171282,-0.84325486,1.1650251,-3.5612595,17.138376,-1.2940931,-2.1937375
105,-4.7745914,-5.815669,6.7734437,-11.326821,1.1973153,-3.518234,-7.270618,-10.023362,1.0158867,33.279324
106,-1.8497287,-4.135564,-1.7083383,-4.200906,-2.1574984,1.7217482,-5.4443884,-2.673473,18.690102,1.7151957
107,2.0076866,-4.5844717,-5.2408056,-7.652948,17.854095,22.724318,-11.722791,-5.7872467,-1.7911773,-4.2403913
108,-1.9172084,1.7219747,16.995245,-1.5843172,-2.8239956,-3.9895346,-0.8257456,-4.5023675,-3.166616,0.5181033
109,-3.2478719,-8.338558,-0.055187136,-8.6888685,6.552363,-2.2940764,-7.0932636,-8.123022,28.61519,2.3550227
110,-1.3024487,-2.103196,-4.226245,-1.3192956,-0.23260596,1.2522871,-4.5947742,15.915836,-1.289761,-1.6110618
111,-1.9138895,-4.874462,-9.381547,24.511612,6.419806,-11.715256,-6.573605,4.128661,-9.017404,5.9814167
112,-0.49228856,11.697489,24.346163,-4.378502,-7.084484,-3.3250134,-6.152639,-10.249165,1.3170042,-4.9048038
113,5.6706862,-3.523474,-2.6120553,-4.5642076,-0.36125338,3.7621164,-4.4444647,-6.167975,14.490555,-2.045138
114,0.6619366,1.6030409,22.12314,-3.8700428,-4.469379,-4.545591,-2.3341846,-6.091061,-1.4171118,0.11030159
115,-0.8700257,2.8078933,17.234528,-0.6936406,-5.00849,-1.8691351,-0.8614383,-7.8294344,-1.5743107,-1.094536
116,2.105024,-3.8009818,17.648542,-7.5543466,-3.021306,-2.4923272,-4.86229,-12.558875,19.68155,-4.63551
117,1.8490064,-3.2488987,-1.6687871,-4.2610106,0.9744631,20.094055,-7.1628985,-2.2303379,-1.5268203,-1.5353175
118,0.29654574,25.120722,-1.0910088,-4.802829,-1.7452946,-2.565463,-3.9817116,-3.7111824,-2.5947669,-5.176856
119,-4.254768,-2.478784,-5.312997,-5.92089,25.046326,-1.4174092,-7.7279696,-8.481628,-8.370186,18.266392
120,-2.817547,-3.4876602,-2.1375685,-3.9772885,-1.2659998,0.18908218,-3.8851342,-1.313196,20.272022,-2.0693254
121,1.283425,-1.3148322,-2.2613478,-7.1434674,2.1768904,25.716633,-10.012777,-4.952134,-0.8216692,-1.157546
122,-1.7573572,1.1356211,16.441431,-1.2528214,-2.8540006,-2.5713978,-1.4486665,-4.4564943,-3.2184212,0.33282512
123,-1.8702356,1.7531481,15.992056,-0.50944716,-3.1131177,-3.4972408,-0.36810392,-5.463057,-3.6265361,1.0451427
124,-0.61410284,-4.17162,-2.590596,-0.8610133,-0.011974469,-3.9169035,-3.2648852,-3.344445,-4.7294183,23.093355
125,-2.0017984,1.4011949,16.677887,-1.1711107,-3.2084913,-3.2851872,-0.6865895,-4.95606,-3.628903,1.1381553
126,0.35514632,-5.6960187,12.39804,-7.232976,14.085153,-7.340592,-2.3990107,-17.673517,13.29143,0.8315931
127,4.873555,26.439152,-3.4470298,-6.1869373,-3.375802,-3.0425065,-0.8675841,-4.364172,-2.5197449,-7.8218675
128,1.2834184,0.5542501,-2.1022015,-1.0841347,-3.159587,-5.7890625,19.757025,-7.312744,-2.8477066,0.26862207
129,-0.0033536218,-2.2992005,-3.241852,-5.236478,21.32136,-0.8698149,-1.532577,-2.7814643,-3.0946372,-1.7387477
130,24.088064,8.281963,0.891868,-4.9272947,9.749027,-10.182728,-5.633207,-11.4017315,-4.7851157,-6.2597823
131,-1.6622411,14.403296,10.30914,-2.6671324,-10.791522,-14.702417,16.769802,-3.323223,-0.53869355,-6.486917
132,2.6328785,-4.0049205,-2.3509083,-4.1072903,0.25091252,22.302242,-8.358986,-3.7788413,-1.5357287,0.40485266
133,-1.6345111,-8.194182,-5.9026256,-7.0970783,-1.2550869,-1.2989328,-6.2627506,11.824025,21.555965,-2.0174768
134,4.131469,24.974222,-0.24733353,-1.7297229,-3.0696368,-2.9625301,-7.0665016,-5.905061,-3.2449934,-5.1302977
135,4.335294,-1.7132078,-7.9836307,-2.3982522,6.8906384,-6.706073,-5.5205045,20.245846,-9.020131,1.6984863
136,13.173697,-4.981001,-4.398217,-3.161896,-4.835714,-10.971377,22.104786,-11.517052,8.506092,-3.5009851
137,0.05100665,0.48730448,-3.3538148,-3.0795953,-4.0950046,-9.177642,25.878767,-9.059624,3.2997048,-1.0865148
138,1.3167186,-4.6448193,-2.1617157,-6.3591766,0.9643519,26.528202,-11.361027,-6.0262547,0.67286247,3.8780487
139,0.7150017,-0.095175296,-1.9455819,-0.7926066,-4.2331066,-7.949982,23.70232,-7.9117966,-2.8959534,1.0811102
140,6.526159,-1.3421537,-10.70421,9.059831,-4.90532,-7.7859287,-8.658195,23.14871,-0.27637395,-5.8063636
141,-3.440439,-8.533503,-8.56853,-7.241311,26.23184,-1.779807,-8.827017,15.770553,-4.0941153,1.032689
142,24.575138,10.8459425,-5.5279493,-7.8007736,-3.4090261,2.0089097,-0.13791457,-10.163891,0.26710996,-9.83728
143,1.3119181,23.732107,-1.4284896,-4.4642105,-1.5527076,-2.4436269,-3.9239204,-3.6031756,-2.7417088,-5.0739083
144,-2.514877,-3.1077855,-6.8804717,-5.061121,-0.9742205,-5.852897,1.0431981,26.34248,0.19467238,-2.3639584
145,2.34055,-3.972844,-8.571204,4.918732,-3.3106494,-8.146489,-7.9330063,26.616169,-6.5512815,3.3511534
146,-1.5989196,-1.9758596,-4.222983,-1.7104517,-0.73687685,0.6351737,-4.0607414,17.332325,-1.4176657,-1.5720419
147,1.3597064,3.8421643,-0.013135523,-5.5231795,-1.681696,21.444246,-10.084728,-5.267263,-1.5731921,-1.1703519
148,5.656392,24.82568,-6.599022,0.34159467,8.383883,-5.4155316,-10.638405,-3.3492877,-4.865422,-8.461956
149,-1.639981,27.559855,-3.9576075,1.8421986,-4.9874034,-4.999244,-5.284812,-4.338827,-3.8808508,-1.484816
150,-1.3754399,2.692389,18.291967,-1.3319789,-4.374793,-2.9695244,-1.839365,-6.59834,-2.989862,0.62995285
151,-2.5628283,0.99994874,17.19324,-0.5505807,-4.4414086,-1.5983107,-0.9285222,-5.821657,-3.0819767,1.7862989
152,4.373306,-0.68938,-3.2082412,-5.16858,-0.14304341,24.022953,-9.123512,-6.2698727,-1.263195,-1.5491866
153,21.804659,1.9263058,-0.98857224,-2.0584862,-1.4245362,-1.3363318,-1.7371721,-10.677687,-2.0475934,-2.9381208
154,0.9068135,-3.2749674,-2.2858722,-4.8269386,4.086874,24.337997,-8.198315,-5.4156747,-1.8152001,-1.6869618
155,-1.2983546,-2.6306615,-4.6568003,-1.4294107,-1.1634165,2.028059,-5.0770297,17.876905,-1.0542924,-2.0108342
156,19.661629,0.45823643,-4.950161,-1.6907343,5.1179204,-3.7828245,-2.4087422,-3.827398,-5.5083857,-3.475996
157,-0.41039595,-3.8867226,4.526941,-5.932384,-2.5719657,-0.5853018,0.48548415,-6.344083,18.970633,-3.6322021
158,19.578371,-3.5068445,1.7967402,-1.6413106,-0.30552822,-2.2152874,-1.3269315,-8.83536,1.2262554,-3.7107162
159,0.20665038,-4.695288,-3.545503,-5.256682,-2.247696,-2.38126,1.0130768,-5.3164873,21.09983,0.22746518
160,0.96695024,-6.2059183,-7.7248936,28.007017,-2.579712,-12.160346,0.68865955,-8.824898,-0.4295495,5.734262
161,-5.0898843,-5.08826,-1.4638512,-6.603469,1.2784625,0.39730015,-7.7925534,-5.0710955,24.919523,3.927393
162,31.702932,-2.4572196,-4.333935,-5.943427,6.4885626,-5.85251,-7.478524,-4.053278,-2.5940237,-6.498626
163,-0.7272656,-6.952098,1.8717328,-6.5802054,-3.528442,-3.5558424,-0.72040176,-8.210478,23.672619,5.0012746
164,14.283855,-0.58800304,-6.3352723,-5.548682,18.181343,-6.9402456,-2.610244,-1.5695539,-4.0740733,-5.016778
165,2.017109,23.307081,-0.78452027,-4.89809,-4.137418,-0.68003875,-3.806566,-4.553419,-1.7498145,-4.993924
166,-1.1866997,-3.0878806,-6.010082,-3.4151206,0.7085935,-0.3503925,-1.4354668,19.726871,-0.8957834,-3.4616275
167,-4.7913666,-5.3679175,-2.3078194,-8.705896,5.6191287,-0.761591,-8.441844,-5.432854,27.510513,1.984909
168,20.245445,-4.138514,-2.8001165,-4.2825413,7.495774,-2.7597952,-2.6824243,-9.049246,-1.173526,-0.9087039
169,0.6585138,-5.133396,-7.328492,-5.2847896,25.485731,5.8376765,-6.368728,3.2008636,-7.350305,-3.4483578
170,5.2068214,-6.6867642,-2.2263803,-6.0900817,-2.0767984,3.271902,-3.8464646,-7.868641,23.29468,-2.5807157
171,-4.001158,-5.2669544,-4.2524323,-3.0597906,-1.376614,-6.11468,-3.3334377,0.53220177,1.9136074,23.620388
172,-2.7063093,1.2684973,15.900368,-1.2486247,-3.381435,-2.4951832,-0.9674268,-3.2719765,-2.4106016,-0.071258694
173,-3.0124567,-4.7724276,-1.3723102,-1.6882923,1.6917982,-5.328549,-1.5996964,-1.3916173,-5.700102,22.96362
174,-1.4502188,-3.3149312,-3.2096186,-3.1354384,0.16080779,0.7747301,-4.95533,-3.0788062,16.86265,0.81123215
175,21.322643,-0.96769536,0.27636608,-1.2272886,-1.3556062,-4.1148853,-3.7378845,-8.60528,3.485538,-5.1511736
176,1.3540238,-0.34580895,-3.6329439,23.692816,-2.6772637,-6.056959,-4.7101564,-2.030786,-3.7828915,-2.848412
177,7.4405994,-10.355431,-2.182598,-7.7212615,1.0785043,-12.238409,-2.2213128,-20.28909,6.226791,38.10716
178,-3.8916202,-8.661627,-3.8249483,-8.025181,-0.22888133,-3.0000274,-6.042195,9.050607,24.355375,-0.101298444
179,-1.6137445,-5.382224,-4.1195827,-8.110129,-0.13171072,10.250664,-11.64538,-8.256413,28.596394,-0.103897594
180,0.26404944,-3.2722645,-2.5109925,-5.231735,0.62134427,1.3774896,-3.7906933,-3.7436545,19.637634,-3.4066415
181,-1.1338074,-3.493794,-4.419838,-1.8332791,-0.8458582,-0.09711664,-5.042483,20.335974,-2.205153,-0.6965761
182,6.6718016,4.673356,3.465618,-3.843877,-2.5681915,-12.920232,28.755661,-18.580173,-2.8512957,-2.6825006
183,-1.7563483,2.7942524,25.4356,-2.4187653,-5.039208,-4.0299726,-3.589067,-8.018621,-2.134838,-0.18652466
184,6.0098815,-2.445608,11.436564,-5.028681,-4.9362345,-6.95008,17.360958,-19.458197,-2.3330019,6.358952
185,0.24915347,0.57044125,-4.538553,-9.074585,32.960594,-2.649882,-2.0832372,-8.107621,-4.7478027,-2.435211
186,-2.2982426,-4.337445,-1.8421943,-1.0429341,1.2103808,-5.1087565,-2.4654896,-2.3255415,-4.9588056,23.283255
187,-2.9909415,-4.672445,-8.580887,-6.6778703,13.466692,-3.3935444,2.1525967,16.635666,-5.2648706,-0.14501394
188,-1.4817269,4.1792116,28.491106,-4.7409883,-2.570281,-4.0519953,-2.8522105,-12.676091,-2.6760876,-0.72637343
189,2.6319406,2.8860407,23.67655,-5.0293775,-6.3773985,-6.3852425,-2.2701166,-8.247286,0.20922408,1.9287776
190,1.4311191,21.481968,-2.2675261,-4.497126,-0.63266957,-2.3210816,-1.9224204,-4.549465,-2.5352836,-4.2570195
191,4.239677,-1.5574884,-5.5455337,-3.2725072,21.975903,-2.7139027,-7.145359,0.40325928,-8.037874,1.6679025
192,-1.8413801,-3.6094074,-3.3612719,-4.3150907,-0.77945536,1.2113785,-4.2817373,-1.217031,21.244482,-3.3463125
193,-2.1648192,2.0632985,18.89062,-1.0868244,-3.0911012,-2.0670304,-2.8006942,-5.49133,-2.8159323,-0.93519217
194,-2.0246768,-4.3539042,-1.9425229,-1.6276989,-1.2367188,-3.467408,-2.5266967,-2.668053,-3.1457584,22.451632
195,-4.8747277,-7.3535476,-7.164625,-5.287639,10.228193,-1.1186332,-8.781946,20.12535,-6.154642,10.658995
196,2.857269,2.8774943,22.974249,-5.0956945,-5.761601,-5.7107625,-3.5029018,-7.880048,0.58301365,0.85649216
197,-3.7137897,-4.4443,-2.0239496,-1.3374091,-0.4983918,-4.8518972,-1.592841,-0.68871707,-4.177647,23.02375
198,0.0170216,-6.868775,-3.120219,-8.415037,28.338701,-2.8085904,3.076779,-9.933235,-2.6039999,2.2896209
199,-1.5352597,-4.1319704,-1.4261373,-0.54077077,2.740662,-4.5765257,-1.858604,-3.2937298,-4.598085,19.11729
200,-1.4202037,26.608232,-4.517781,-2.6635766,-5.419252,-0.055483274,-6.246987,-4.197235,2.635081,-5.487636
201,-1.8453925,-3.1656382,-2.1358387,-6.1382656,-2.140376,2.1222818,-5.1592727,-0.60779965,21.59505,-2.4757063
202,23.325598,-3.601715,-1.1211122,-2.247675,0.60408676,-0.043587036,-1.9148954,-9.293873,-0.093807146,-4.8725696
203,3.6438658,15.668849,15.7813015,-3.8453426,-6.9352202,3.720881,-10.274138,-12.132266,-2.9189734,-2.5957506
204,4.514412,0.9092524,-3.4600644,-5.1413956,0.5480648,23.28855,-8.839034,-5.21508,-2.4508326,-3.2786086
205,0.71449846,1.8878745,-2.3030076,-4.5322123,0.46665466,20.500292,-8.356281,-1.699837,-3.305495,-2.6427197
206,-3.137431,-1.4410096,-1.7815568,-4.1316867,-1.0640991,-1.1526947,-3.582823,-3.0771656,18.476032,0.51441336
207,-0.57611555,-5.3934793,-1.9856298,-5.0581717,0.59041476,1.6100179,-4.379022,-2.2672398,17.498425,-0.08790201
208,21.201899,-1.5471125,0.19261724,-1.0208908,-0.16610973,-3.0120454,-2.7797637,-9.398898,0.31960824,-3.3359978
209,-2.3777843,-3.7757244,-1.8970588,-4.29591,0.18706977,0.14461064,-4.179987,-3.5683923,19.142754,0.1971617
210,0.11319305,-2.5773604,-4.1174564,-5.2360363,-1.1075966,26.737467,-11.638554,-0.41146326,1.8668463,-1.7151866
211,-0.27872595,28.32155,12.04965,-6.7159576,-5.8365726,-6.711109,-3.5334666,-6.8358574,-2.903969,-6.7785654
212,0.56738895,-3.2301197,-4.0619354,-5.957527,21.696333,1.2602432,-1.9205618,-2.1623683,-2.6410398,-3.2215104
213,0.50157547,25.079945,-3.4435527,-6.660158,-2.8455882,-4.320799,-0.65541255,-1.8524914,-2.6453223,-3.8449574
214,-0.070679024,23.565172,-0.96079195,-5.1659293,-0.8981896,-2.3074143,-3.3560092,-4.6579,-2.3104963,-4.142375
215,21.38554,-0.059797186,-0.43231887,0.059900917,-1.6332189,-2.710362,-2.5379372,-8.189717,-1.1904008,-4.426426
216,2.422717,-0.2751077,-0.77674294,-1.1047269,-3.7749104,-7.188525,21.362091,-7.59906,-2.579522,-0.5282661
217,-1.8890605,1.6084292,17.86565,-1.2293992,-4.000838,-2.9588013,-0.3665395,-5.035136,-2.801902,-0.38147315
218,0.29048616,1.5048754,21.19978,-0.7834791,-4.3577633,-2.7182844,-2.2906346,-7.989332,-4.4034142,-0.33021006
219,1.9686445,22.854969,-1.0278713,-5.93883,-1.1258972,-0.2595487,-4.988843,-4.751144,-2.246101,-4.8294625
220,1.8197485,-2.8434706,-1.4289742,-7.3485866,-1.4951664,29.265886,-14.398115,-9.892536,9.49703,-1.3121568
221,1.15953,-5.8371935,-3.1882968,-4.568283,-4.959433,-3.3129852,-3.6255136,-4.5037756,2.479995,25.774914
222,-0.6305779,-4.571365,-0.28021026,-6.5150867,-2.4012966,3.045419,-6.0023494,-5.906306,21.024014,2.0989997
223,-2.3283355,-3.5969365,-4.3965364,-5.980244,0.012945741,-0.24710324,-8.398668,3.8595788,20.747023,-0.8198431
224,-1.674055,-3.0003285,-5.526773,-2.937427,-1.3382807,-0.55481184,-3.6539733,21.885265,-0.9889671,-1.8373156
225,-0.5778535,2.3874242,22.025373,-5.037214,-3.464294,-4.645422,-3.2493906,-5.117341,-1.6227202,0.2877101
226,-1.3845841,1.2291218,16.314377,-0.5892964,-3.789947,-4.0071073,-0.70404446,-4.740784,-3.2068346,1.3555622
227,-2.6173503,-8.151556,-9.297009,-5.272769,27.563162,-3.0013995,-7.751672,18.064447,-6.3294516,-2.4041348
228,2.6713603,3.6667092,-0.5484613,-5.0759387,-0.46326154,21.40294,-9.376976,-6.637715,-2.5355363,-2.124239
229,-2.5478923,-5.0642076,-1.950143,-0.8829204,0.12427811,-5.5050154,-1.3609512,-1.7475712,-5.7438054,24.693869
230,28.318192,-2.4648626,-5.7056394,-2.9776454,-5.605101,-4.8350964,-4.9040174,8.117163,-4.821257,-4.008143
231,-1.2111841,1.7188332,20.04514,0.16587551,-4.370444,-2.4969857,-1.7661675,-8.566942,-3.41352,0.64909613
232,-4.0464997,1.8492638,30.883892,-8.433674,-0.39820284,-6.842906,-4.388104,-11.973446,4.4320498,0.27105197
233,0.28244618,1.3217766,22.195396,-0.86725885,-4.4305024,-2.8028877,-2.5862734,-9.451871,-2.8154635,0.35390916
234,2.8833654,-0.6486429,-2.0492544,-1.2553638,-3.753749,-7.3847957,22.809008,-6.884953,-2.552106,-1.3433264
235,-4.6992426,-4.978543,-5.456147,-3.086798,-5.185559,-6.503202,-5.030838,14.498747,-1.3928193,20.931688
236,-0.54049665,-0.56634265,22.836454,-4.2226195,-4.4624624,-1.1517932,-6.0068564,-8.123157,6.372494,-3.4351742
237,-0.50610816,1.3876545,19.739899,-0.564374,-3.4802294,-4.0215077,-2.2451456,-6.794027,-3.6131804,0.20537451
238,-1.6593366,0.9050077,15.920137,-0.7003899,-3.678141,-3.0976427,-0.67921627,-4.2123365,-3.3818326,0.72440284
239,-0.44472003,5.3020844,19.524841,-1.5474118,-4.6123075,-3.682212,-1.8255049,-8.700201,-1.0787647,-0.7347937
240,1.5253215,-2.4981003,-3.258343,26.912197,-5.6478086,-9.002561,-0.41005692,-7.733776,-3.99104,2.323245
241,0.6702457,1.9442062,-3.6086745,-5.498207,-1.5750929,22.997967,-11.135677,2.3503282,-1.2070876,-4.0833545
242,-2.434427,17.274155,-8.84022,14.253061,6.066456,-8.919811,-8.078608,0.14263493,-9.353523,-1.0788953
243,21.765688,0.18741627,-1.5894761,5.1801515,-0.41967422,-5.8012934,-2.7031014,-8.85363,-2.8789804,-5.1303344
244,-4.3247833,-5.4191823,-9.913715,2.7542737,10.100595,-7.0264287,-7.481447,27.21537,-8.295406,1.9552836
245,1.3235549,-0.2215878,-2.3942924,-5.031907,-0.5555904,22.81611,-9.53471,-1.1673815,-1.1734337,-2.5912924
246,-1.7774692,1.5803237,16.81921,-1.9436551,-3.6580586,-1.8095875,-1.6619507,-6.8367853,-1.7996526,1.2796423
247,3.9067025,-2.9141855,-3.0120041,-2.597556,-5.086572,-7.4825573,22.707018,-8.640389,1.6293151,1.3961263
248,2.9803212,23.651579,-3.0165374,-4.80889,-4.5584536,5.307223,-7.553866,-5.709555,-0.50373906,-5.7049484
249,-3.2064636,-4.6251206,-7.6258926,-3.9513485,2.317316,-0.55348355,-6.1880445,27.387386,-3.0094213,-0.13488096
250,-1.839317,-1.2147131,0.66006446,-4.02281,-0.99504185,0.4568782,-5.265131,-2.8068373,17.134054,-1.7781645
251,-2.147863,2.404045,-6.618747,-1.6724751,-4.2285886,-0.062427573,-9.221055,24.831223,-5.3193107,2.0107527
252,20.815239,1.31349,-1.7243719,4.236767,-2.6693945,-3.9340758,-3.067615,-7.061908,-2.2735488,-5.232325
253,30.171041,2.9378676,0.47173288,-2.2829607,-3.0235372,-7.6893873,1.0965753,-11.976925,-2.8781173,-6.4554257
254,-0.9677137,-3.346334,-2.5163074,-1.1964643,1.6831522,-4.5311966,-1.5425881,-2.6812308,-4.94679,19.554634
255,-2.0809553,-11.856008,-9.101392,-10.77519,35.756977,-6.2268934,-3.9766371,-3.9884431,-2.2179174,13.366076
