0,-1.2039636,-3.3260207,-6.1661615,-4.168031,-1.0206324,-1.1822082,-4.210539,22.585148,-1.2870772,0.3742912
1,0.8694283,22.721115,-0.6855031,-3.9676678,-2.1561494,-2.6574063,-4.2111354,-3.770683,-1.5997343,-5.0551653
2,-4.5625467,15.46812,-1.8653324,-7.0824213,-7.536677,-5.042542,-4.3942013,5.4144006,-6.2832828,15.922031
3,-1.7584441,-5.104865,-2.7063153,-1.8217252,-1.2555923,-5.7479677,-1.736427,-4.0368094,0.7188151,22.522131
4,-3.5066082,5.4152184,-6.744991,-3.6083722,-8.445629,-13.390033,19.897928,13.548445,0.9325166,-4.1646
5,-2.7374732,-3.756309,-7.3918266,-4.3180857,-1.3888434,-5.802094,3.8947093,22.845348,-0.21622837,-0.6942589
6,-1.7974006,-5.1876135,-2.4020293,1.2714682,2.2407742,-4.865871,-1.7268615,-0.5752292,-6.514318,19.130798
7,-0.40087524,23.388968,-1.0564717,-4.142017,-1.6476316,-2.4583547,-4.4191246,-6.0571623,-3.9020119,0.25846675
8,-0.3720897,24.922365,-1.4021238,-4.5530577,-2.5244145,-2.5352728,-4.20651,-3.9566019,-0.1977364,-5.3367066
9,0.6258028,21.46032,-0.9408766,-3.697833,-2.723796,-1.626198,-1.0246565,-5.814186,-3.0531042,-3.6795201
10,-3.1583755,3.4808793,-3.8019915,-8.454433,21.48891,1.4860132,-8.939178,-8.975076,-7.6535254,13.918152
11,-3.4024358,-2.440411,-11.357405,8.654574,-2.8168612,-7.400176,-2.6005948,24.247528,-7.742359,2.7081618
12,-1.7015007,-5.3190775,-2.6588333,-2.1243823,3.1460094,-5.5704365,-1.3693776,-0.9534871,-5.2360315,21.054783
13,-5.0090055,19.073744,9.940752,-8.698664,-3.5227094,-2.0543213,-10.262528,-7.318456,9.54865,-2.2735941
14,-0.13087319,-2.846871,-4.0838175,-5.558293,23.811733,-1.6620898,-0.4815798,-4.4988446,-3.152994,-0.67715216
15,-1.4170152,-3.3816113,-5.2747397,-3.7197232,2.313098,1.7373886,-6.5250998,22.347454,-2.5193374,-2.6449404
16,2.501004,21.151356,-1.6409351,-5.9551044,-2.9872842,1.4712635,-5.168063,-2.7754953,-2.1386838,-4.7044306
17,-1.0581938,27.351124,0.5273187,-5.425099,-3.4625788,-3.9839556,-2.0283818,-5.7724075,-3.5158284,-3.1703343
18,-0.58748466,4.801108,9.198089,-7.842122,-4.029377,-4.0433707,-6.9611554,-13.625766,27.964333,-5.4614515
19,-1.1189642,-2.4765365,-5.0362206,-4.4846935,-4.375197,-10.385455,22.380362,7.883825,0.6046216,-2.7253916
20,-2.6467261,-0.47320214,-8.459069,3.6090322,-4.417976,-4.651287,-9.413025,27.25729,-6.4065723,4.660186
21,1.2839868,-2.2239027,-3.1276896,-5.6151395,0.70913315,-10.533489,27.53703,-6.524587,-1.6870695,0.14972463
22,-3.8781052,-5.7811265,-2.0416667,-2.900152,-1.7148505,-7.5807962,3.2213936,-4.1634245,-4.4776845,28.296902
23,0.82900625,22.902166,-0.062205255,-5.4681945,1.4015546,-3.613142,-3.476093,-6.4754024,-4.3609433,-2.037118
24,-2.343831,-4.9785933,-1.4666524,-0.30151215,1.0662472,-6.437984,-0.002250135,-1.1436999,-6.7310624,21.638008
25,-1.5286772,-0.5183426,-5.0721216,-2.8878264,-0.69496465,0.1539323,-4.480467,19.352787,-1.8158395,-2.1517575
26,-5.397013,-5.9140944,-6.33371,-6.0355387,-5.6129966,0.2696544,-9.712129,20.20693,0.730961,18.215849
27,-2.4467099,-2.6783686,-2.1187866,-3.2086465,-1.7351342,-0.90832156,-3.4259357,-1.4786539,19.24763,-1.5114709
28,1.3176726,21.88453,-0.8433503,-4.905383,-1.7574955,-2.6436012,-3.2495794,-4.8607783,-3.6634839,-1.7616434
29,-1.2285022,-1.2510439,-3.787334,-2.1997828,-0.39956737,3.048015,-5.2217145,15.368373,-1.198482,-2.4238422
30,-1.6332871,1.6285628,16.470692,-1.2740983,-3.2249522,-2.3363516,-2.423915,-5.2663884,-2.0994685,0.48794827
31,1.1187748,21.863304,-1.1799341,-3.930103,-1.7220675,-2.8736985,-2.4626696,-5.3595443,-2.5068662,-3.4967124
32,0.49999908,25.018959,-3.7636597,-4.389234,-3.6413503,7.177087,-9.572137,-6.116781,-1.7150348,-3.7776997
33,-1.1691741,-4.870044,-2.4169517,-2.477317,-0.031846315,-5.913209,-2.0514727,-2.404512,-2.996389,23.798246
34,0.12940496,22.726748,-0.1628114,-4.5333366,-2.4773803,-0.7266052,-4.5796223,-4.6942124,-1.1370616,-4.722499
35,0.31974626,-7.705979,2.0833156,-10.13613,21.717537,-5.0556355,-1.7244779,-13.231491,9.048491,4.496334
36,-0.12930317,-1.4321462,-3.3292446,-3.6358697,-4.649685,-10.560613,26.103802,-0.6392554,-1.1248962,-1.1139706
37,1.3102621,24.17767,0.38189605,-5.6033654,-3.629167,-0.7226905,-5.0781937,-4.402927,-1.4769697,-5.1533237
38,-4.8772235,-3.8488586,-6.412987,-4.7893453,-4.6253247,-11.25278,-1.7257504,10.832093,-2.6021292,28.192015
39,-3.0951939,-4.000931,-2.61124,0.44711483,-0.08743085,-3.853411,-2.7742193,-0.30867517,-5.8678207,21.784492
40,7.133811,-7.1604924,-5.819727,-5.0413303,19.696213,-9.313996,12.844054,-11.204865,-0.42069548,-1.2190348
41,-6.4360185,-11.094237,-3.8695557,-12.883692,16.527582,8.299819,-10.656642,-0.10032028,11.906975,9.074639
42,-0.9010546,7.1523843,-8.53191,-6.7606177,2.9538665,-1.8643296,-9.457115,27.097473,-4.882154,-3.9980407
43,9.785732,-4.3500953,-6.1594076,-6.480591,-1.1444057,0.48762628,-7.0850067,-5.1791096,20.811424,-1.1561165
44,-1.4054304,-4.049587,-1.7122133,-1.0718393,-0.048891008,-4.945743,-1.7797953,-1.2470613,-5.164024,21.30306
45,-0.9214696,-5.1624722,-0.73411715,-1.5409688,4.643836,-6.5170755,-1.1835608,-3.0188816,-6.362133,20.07693
46,-1.8951731,-3.3862185,-1.3957707,-1.393824,-1.9697312,-4.016722,-2.6623218,-1.2572598,-2.6373587,20.506458
47,-5.4663053,-10.247446,-12.438514,3.4546878,8.475594,-11.077359,-4.9669347,27.205112,-4.896068,8.275878
48,2.423216,-4.406292,-1.3544302,-1.8920213,1.7897422,-4.7570157,-2.1156502,-3.0120635,-4.8414783,17.508772
49,-1.6424917,-2.8978143,-4.3730755,-2.253598,-0.29222712,0.70568615,-4.169428,18.118982,-0.9436827,-1.4093719
50,0.86597556,24.36332,-2.6745322,0.13123852,-5.4451766,-0.643484,-6.071099,-6.9595804,-4.4833307,0.09025132
51,0.83672035,-2.8878577,-1.2143016,-5.720134,0.9903983,23.704796,-9.120514,-3.9237082,1.5129364,-2.693101
52,5.2614574,-3.7841928,-3.2108285,-6.443361,5.1691794,-9.221608,23.452023,-13.724835,-1.088874,2.9952798
53,-0.5808782,23.091736,-0.7943542,-2.559977,-3.3292065,-2.2605376,-3.7896507,-3.6778438,-2.9454641,-3.2603219
54,-2.5970142,-4.2840133,-4.111088,-7.34048,19.137024,-3.5314708,3.1780014,-11.921234,-4.7397995,15.073384
55,-3.0197294,-3.648775,-5.6696396,10.932607,-5.587413,-9.244829,-2.0795412,-3.322582,0.4430237,18.546856
56,1.1281793,-3.9218903,-1.2476207,-2.7229037,-0.31625435,-6.7885365,4.3038883,-3.5450723,-5.649915,18.104462
57,4.701847,-4.074663,-4.3533196,-10.022191,7.2115483,-12.434952,25.713293,-12.981299,5.0678477,0.58390003
58,-0.9607898,-0.5822543,-6.30208,-2.6248367,1.7416301,4.436356,-6.590021,17.033175,-2.656288,-3.4925976
59,7.731448,9.116504,-4.481166,-3.4327314,-4.023854,14.512758,-10.545434,-3.7936566,-1.0919303,-3.858468
60,11.469029,-7.483726,-2.1972644,-8.746779,3.187931,18.939047,-12.2165165,-11.701559,12.775266,-2.8350043
61,-0.87683463,-2.9259324,-3.5371234,-2.1633928,-1.892883,1.2458093,-4.8616476,18.326063,-0.78509146,-1.749743
62,-1.0090122,-2.4039862,-4.167666,-2.0950859,-1.174636,1.3979888,-4.6130104,17.941778,-1.0359256,-2.2227304
63,2.6619308,22.726503,-3.0346167,-3.084984,-3.6774898,0.486257,-4.7310934,-3.529924,-2.821267,-5.3130927
64,-1.8766539,-6.063549,-4.283124,-7.0646796,29.77452,-0.32176507,-4.0433664,-3.2755828,-4.3795733,1.2714077
65,-0.12094487,-2.7715585,-3.723596,-2.5441284,0.5250397,2.2981339,-2.6798968,13.926547,-1.2675117,-2.8993032
66,-0.6578739,-2.9470458,-5.2174454,-3.8047597,1.8172361,1.1615441,-4.158517,19.658072,-1.9834272,-3.2312334
67,0.05291671,-4.325981,-5.532544,-6.4706955,27.53502,2.8149273,-5.4615016,-1.4514191,-4.6285586,-2.2091448
68,-1.4000769,-2.3483033,-4.343394,-1.324212,-1.3899266,0.9866369,-3.767024,16.77706,-1.4047681,-1.1611468
69,-1.1444603,-3.5989618,-0.69333696,-5.6951528,-2.708665,-0.018175103,2.143883,-5.2642207,19.166985,-2.2260625
70,-1.9535494,-3.5473502,-1.8672174,-7.0748353,13.345362,-3.784003,-6.9611816,-14.067687,-3.504026,28.21468
71,-0.7240375,-1.248711,-3.029662,-5.2623,20.45643,0.74735624,-3.2834408,-1.3996587,-3.6081975,-1.9131896
72,-2.8479514,2.7169392,17.800455,-1.7008644,-4.182179,-2.6284394,-0.95633984,-6.068003,-3.0489714,1.0439799
73,0.3615965,-2.478708,-4.7749605,23.662306,-2.7438707,-7.1815715,-1.9203296,-0.52165353,-3.767192,-2.0661871
74,-1.0310845,26.281101,0.59480953,-5.869776,-3.9860044,-2.7746754,-4.464393,-4.87162,0.5474769,-4.804927
75,-1.5730453,-2.511016,-4.952867,-1.0453409,-1.1937959,1.5210903,-5.111819,18.713182,-2.2425382,-1.0366046
76,-3.494815,-5.6420884,-8.898061,-5.5949426,-1.8341627,-10.445192,7.315485,25.415585,5.282372,-1.8409046
77,-2.096864,-5.18825,-1.1845903,-2.70556,3.336608,-5.840614,-1.5991521,-2.2663412,-5.060002,21.993132
78,0.66881484,23.044092,-0.93929183,-5.182865,-0.44870144,-1.7977437,-3.8687222,-4.2962193,-3.616439,-3.828167
79,-1.2127903,-7.1130347,-3.3920834,-13.71187,7.542153,20.434774,-11.241388,-12.179096,16.31441,5.767167
80,-3.392124,-5.1843524,-3.4209745,-3.3179734,-1.6207812,-0.051450334,-4.041918,-5.359318,-0.9792802,26.863617
81,-1.1197582,2.7423353,20.996428,-1.5088922,-4.427263,-3.6020808,-0.77163136,-8.496746,-2.0911882,-1.131445
82,-3.0084195,-3.299643,0.37210986,-4.1344943,-0.9967345,0.81411445,-3.0487168,-3.4089541,18.449408,-2.015561
83,0.22915119,27.257948,1.2025578,-3.404807,-4.356671,-3.5045402,-4.4912796,-6.026135,-2.1789627,-5.0887337
84,-2.0246196,-3.786447,-1.2038574,-1.8303517,-0.11527006,-4.809935,-2.1224995,-2.2960763,-4.649803,22.530203
85,-1.23848,-2.8579154,-4.091115,-1.6611494,-0.90988314,0.4958364,-4.4359527,17.80758,-0.89486396,-1.6238341
86,-2.13363,-7.244676,-8.053528,-7.6194053,22.755993,2.3148708,-7.450139,15.881778,-4.8107533,-2.682267
87,-1.4919089,-2.6266003,-5.7598305,-1.3151983,-0.5977322,0.6294451,-4.5984755,19.697128,-2.3068721,-1.0201021
88,-0.7957719,-5.681198,0.09442261,-9.756395,1.8960788,-5.108873,-3.7200854,-12.3213,36.84071,-1.0860841
89,-7.3639345,-6.9962864,-8.67677,-5.3445907,0.47928578,-10.821829,-6.040027,24.567522,0.41042164,19.077635
90,-3.191343,4.9698386,9.587191,-4.3858705,-7.4921284,-11.954803,22.20451,-12.663971,8.271781,-4.4891996
91,1.6218094,23.852291,-1.4879389,-3.693761,-3.1411676,-0.7848247,-5.981044,-4.72666,-1.2669775,-4.6942873
92,-2.61757,-5.7305984,-2.8100219,-2.766616,6.3191276,-4.7665806,-1.8087782,-3.7180874,-5.339158,22.179558
93,0.59075934,23.075436,-1.4032344,-4.986857,-1.1670976,-0.9210356,-4.162239,-5.0137615,-2.8305507,-3.5764742
94,0.47948268,2.8476334,-1.7258487,-1.8603354,-3.8756132,-9.051434,24.765915,-7.6459312,-1.3579835,-2.6636798
95,-2.339933,-4.2895117,-1.5267044,-0.8108343,1.1583308,-5.187859,-0.8867855,-1.6234081,-5.276727,20.81628
96,-0.55836385,-4.7512894,-4.249888,-6.1531987,24.727257,-4.0852313,4.44695,-8.709966,-5.3357897,4.497998
97,-2.4493127,-8.56282,-9.163055,-8.6379795,7.307994,-9.90555,-2.6586008,29.16544,1.0238824,4.160823
98,-1.1886256,-4.211109,-1.8022393,-1.1856465,0.9796536,-7.653767,-2.27923,-4.0726347,-4.7469277,24.978876
99,-0.13443588,-4.8243837,-1.5199362,-2.0526195,-0.61405635,-4.8926764,-2.4329298,-2.4917603,-3.7430568,22.505365
100,-1.544384,-3.8352742,-2.1599145,-0.0453787,2.3017983,-4.286113,-2.740276,-1.1799214,-5.3085947,18.60232
101,-1.786733,-3.8728633,-5.638306,-2.592811,3.185308,-1.6181054,-3.206459,20.758984,-2.7337093,-2.175089
102,-3.5380645,-7.5850015,7.8285885,-9.334606,12.248256,-4.730399,-4.5331545,-12.908018,18.319307,3.9005234
103,-1.1790792,-2.6665988,-3.791705,-2.011351,-1.241917,0.87147015,-4.588262,18.004559,-1.6666311,-1.0392013
104,-1.7411195,-4.538989,-7.98232,-5.1618915,30.121288,-1.8733506,-3.923894,3.265241,-7.7986207,-0.004546292
105,0.003096167,23.575876,-2.0114565,-5.353234,-1.2757329,-2.2311933,-3.5141742,-3.3293316,-2.7044356,-3.7078934
106,-1.5244768,-2.1894932,-4.927642,-1.8005315,-0.8725725,1.1902996,-4.2596664,18.372223,-2.2138135,-1.0150611
107,-2.2342653,-10.732963,-8.535975,-12.74406,5.3792076,4.941806,-10.457082,22.168648,10.594194,2.8519208
108,-1.6763629,14.375557,-8.760269,5.971093,-8.571795,-12.830003,12.72059,6.1188335,-7.528431,-1.5351
109,-0.2766082,-7.637744,-4.8244195,-4.677515,-4.1663394,-7.7509174,-1.6352799,-1.0554843,-0.0977489,31.242039
110,-1.5937626,-3.7515712,-0.80585384,-1.3523661,1.0658443,-5.572622,-1.089291,-2.726378,-4.709685,20.472734
111,6.4624834,-3.056212,-0.67005223,-5.070165,-4.284203,-10.629661,27.416536,-12.194426,3.9416072,-1.3145214
112,-1.2332805,-4.2791944,-1.7574536,-1.4330488,-0.3437802,-4.917979,-2.0089648,-3.18742,-2.7900472,22.001625
113,-0.4934759,-4.978213,-1.7271302,-7.808667,-2.137814,24.80835,-12.657394,-4.80519,11.401797,0.5546585
114,-1.6648806,-2.2877295,-4.2314806,-2.3638947,-0.3927317,1.0037498,-5.36061,19.596874,-1.347333,-2.228097
115,1.8697579,-1.801849,-3.6530101,26.011438,-3.9618826,-6.939095,-1.765796,-4.605141,-4.528374,-1.9219682
116,-1.7026138,-2.707675,-4.3405256,-1.8397979,-1.4249192,0.63305265,-4.4144855,19.841988,-2.740579,-0.5264081
117,-2.6443675,-3.3032157,-6.726663,-2.3461282,-2.7562208,-3.964853,-0.19099805,23.41177,-1.783947,0.5978595
118,-0.6187012,0.45067087,17.01217,-1.4824789,-2.1117363,-3.1755543,-2.4749343,-4.9641604,-2.9196255,0.51161724
119,0.12244989,-1.8165767,-3.7894742,25.991003,-4.7647605,-6.7997794,-3.9370043,-0.62766504,-3.596604,-1.8166215
120,-0.10994291,1.3326844,-2.8728845,-4.992888,-0.18441004,22.73329,-10.06571,0.41201678,-1.3530865,-3.5672169
121,-0.9048615,2.8281815,19.545986,-2.7768967,-3.2325134,-1.6095445,-1.7879447,-9.794852,-3.7610164,1.475402
122,2.4774125,-2.4271636,-1.9966094,23.043888,-3.8175554,-5.8599586,-3.0900486,-2.8131502,-3.5348742,-3.2386289
123,1.8564568,24.915009,-1.2500657,-5.745628,-0.55563164,-2.6437182,-5.0132256,-3.1575406,-3.1768184,-5.5207195
124,11.159896,-6.035441,-6.0291853,-4.812293,25.230625,-6.170688,-4.368678,-3.4228828,-3.4580836,-2.0990713
125,20.791172,-0.91216725,-3.5176725,-4.322219,12.271363,-0.6364475,-4.6281853,-13.043806,-3.705288,-3.8220036
126,-2.3431134,10.226337,2.2871408,-11.462589,-0.35961443,1.4041257,-7.9830313,-11.965311,23.886923,-4.1350217
127,-0.66186965,8.143124,21.411798,-2.6972253,5.809899,-5.07001,-3.961553,-15.407081,-5.5002255,-1.5343924
128,-0.33965898,25.312006,-2.287583,-4.1084924,-1.6722575,0.17120905,-6.77524,-5.2467732,-2.322123,-2.9119945
129,24.929792,1.5679159,-2.907059,1.3346342,-3.0873952,-4.284225,-2.1332242,-8.97469,-0.8109188,-5.757821
130,-2.4262192,-4.080929,-2.539084,1.3348498,1.320063,-3.5578854,-2.1762872,-0.31598014,-6.4346004,18.857553
131,-1.2464855,-2.3751864,-5.173256,-2.055485,-0.57174873,1.2080275,-4.9251866,19.172949,-1.3580441,-2.048866
132,0.33127537,22.635998,-0.6994318,-4.4261,-3.416089,-1.5528826,-4.3028417,-0.9270589,-2.0957677,-5.348876
133,1.9318175,0.7441107,-1.2903631,-3.7636409,-3.8855562,-4.6911235,18.909296,-7.1608653,-1.9834561,1.5850472
134,-0.8486186,-2.3596475,-3.7633722,-0.24473211,-1.097521,2.4622233,-6.6151156,17.341648,-1.8931696,-2.4541612
135,-1.7557069,-3.6168942,-4.463295,-2.0449672,-0.05651916,0.035328917,-4.6255517,19.854612,-2.1952398,-0.54147726
136,0.21679813,-2.7920177,-3.1033235,23.459982,-4.9732413,-7.5168715,-3.0230896,-2.9489563,-2.8229535,2.0025945
137,29.065763,-4.5184054,2.9006858,-2.9715946,0.21995676,-4.8597164,-0.83014023,-14.641271,1.583452,-4.8623734
138,-0.7106027,1.0783815,-0.86471486,-1.2912496,-4.0077534,-5.6653996,18.006748,-5.619852,-1.8773869,0.4014515
139,-0.5645898,-3.0018468,-4.678759,-2.4124908,-1.0415862,0.7271622,-4.3858232,20.000603,-2.9426131,-1.2270937
140,6.1389437,23.926455,-3.9210541,-7.861446,6.7020845,0.018589668,-8.464636,-7.8693657,-5.6196146,-3.5091946
141,1.949472,22.6372,-4.473901,-5.0964956,-5.7855363,-6.2241173,2.4347823,1.3966019,-2.5527856,-4.627707
142,1.370061,23.63513,-1.5872544,-4.7757063,-2.2896872,-2.4875152,-1.6331358,-4.680608,-1.9653938,-5.656075
143,-0.22345993,-2.516472,-4.2488637,-1.8526384,-0.6447247,2.7440464,-4.013126,15.741865,-1.3105693,-2.9153113
144,2.420132,23.69424,-3.09148,-5.728551,-1.8619246,-1.5217112,-4.290856,-3.9986594,-0.10124359,-5.9825187
145,-1.8534784,-3.9467888,-2.5533535,-6.4903297,27.50634,-2.8284388,-3.8743618,-2.5790875,-4.8137155,1.24604
146,-2.372623,-2.4983416,-5.160919,-1.9699209,0.380105,0.20665276,-4.8312697,20.272451,-2.2803543,-1.2771053
147,-3.0323656,-4.051922,-1.9250965,-1.201325,0.4858054,-4.872431,-2.120276,-0.90016013,-4.425534,21.750957
148,0.3962214,-4.9894423,-8.534517,26.902527,0.44570833,-7.1618586,-9.105243,-5.2023826,-2.193571,7.277843
149,-1.0728496,-3.8506272,-1.7204528,-1.6783134,1.3049514,-4.6663594,-1.6149244,-1.5477095,-4.5060797,19.161669
150,-1.9591017,3.3933358,17.895113,-1.0065334,-3.9360738,-2.592212,-2.6200304,-5.7356253,-2.8209932,-0.25378174
151,-1.0227712,8.188444,-7.620684,-5.4374814,-0.6297327,-1.8012296,-5.9699063,22.244396,-3.777243,-3.7841353
152,0.91913867,23.651646,-0.91237354,-3.0716069,-3.4693108,-2.057471,-3.3105524,-4.288395,-2.7402852,-4.6742454
153,-1.0817854,0.21208385,9.802488,-0.78191286,-5.5782313,-11.915412,22.513412,-10.967409,-4.1827545,2.853211
154,-0.105389774,-3.7831588,-2.8568468,-5.874133,25.462296,-1.681752,-1.1294469,-4.898318,-4.0328183,-0.30244046
155,12.421773,-4.660164,-4.1525197,0.29895356,-1.4767083,-7.4393687,19.240917,-9.391429,-3.339148,-1.4086335
156,1.552044,24.008438,-1.3901364,-2.7364533,-2.100894,-0.3877896,-6.546044,-5.513925,-1.5312268,-5.718233
157,0.6588093,2.9768896,-1.6862535,-4.551542,-0.09797998,23.101961,-10.6571455,-4.1729507,-2.5999115,-2.3024728
158,3.2384648,20.250723,-2.6182594,-5.687018,-1.9381288,4.6481123,-6.594663,-4.617774,-2.0044572,-5.0408845
159,-1.4821056,-2.8252351,-0.768134,-5.0457892,-2.8841386,-1.9717772,-4.9167423,-3.4681022,22.302073,0.94155556
160,3.33814,21.885376,-7.3953977,-1.3556994,-5.3663054,0.13415465,-7.2753344,6.0235734,-2.2974875,-7.8540125
161,2.0893502,-3.0077972,-2.9771361,-5.0624638,-0.016603231,26.108265,-9.751765,-4.87293,0.93083525,-1.1911466
162,-0.99708414,-2.5966291,-4.7778172,-2.2335339,-0.3656084,0.89163303,-3.6928356,17.839634,-1.190553,-2.31651
163,-1.5042627,-4.1560125,-4.6662245,-9.95217,0.028577596,0.7906856,-9.514436,-5.202353,35.229034,-1.3040636
164,-0.6508106,27.530325,0.7519765,-5.0523806,-2.4980273,-2.516012,-6.2641673,-5.3565893,-0.80276793,-5.324305
165,25.758915,-2.4378536,-0.59365857,-2.7971113,-1.0752572,-4.1976643,1.1955019,-8.231647,-0.90417886,-5.5106936
166,0.09456891,2.825724,-1.7687982,22.751825,-5.062465,-5.5473385,-3.1601784,-5.4972796,-3.950443,-1.8748509
167,-1.7341105,-7.6597323,-7.2385607,-7.25034,30.457878,-0.06375254,-6.474924,5.9616485,-4.158289,-1.2974019
168,-2.624905,-5.3275547,-7.896417,3.6729505,21.257914,-6.8748736,-7.4769673,-3.141732,-5.604943,11.945554
169,31.258299,-2.6664438,5.1235704,-6.925326,1.4496247,-7.534861,-0.2971193,-15.175422,-1.3505952,-4.8078113
170,-2.0737915,-0.7974434,21.580597,-4.165243,-4.3223066,-0.53294355,-5.3211184,-6.73005,5.0859075,-1.8781887
171,-1.1822568,-2.808728,-4.4257703,-0.8490059,-0.75336456,0.9865041,-4.214118,16.713354,-0.7578012,-2.1229753
172,-0.2510485,1.1811451,0.7810372,-2.7680392,-4.8430505,-8.222532,23.170069,-8.006092,-1.8738096,0.7429611
173,-0.9335359,-2.190739,-4.146115,-1.7617792,-1.8857282,1.8023554,-5.241605,17.349411,-0.44775203,-2.0038018
174,-1.0473801,-2.6698399,-4.576547,24.501472,-6.122098,-8.679898,0.4227759,2.3960383,-4.9097095,-0.56028587
175,-0.83767873,-2.8276906,-3.6460998,-1.2127353,-0.17925149,0.84622365,-4.940029,17.708723,-2.2573335,-2.2073286
176,-1.3658807,32.736023,5.6644425,-7.0606127,-0.7733774,-9.393328,-1.885116,-12.135105,-9.0221,2.2370205
177,-1.1322869,-2.4305112,-4.2147694,-1.5778848,-1.418484,1.4594194,-3.735415,17.300087,-1.732156,-1.7543336
178,-0.03483971,20.647047,-1.6605366,-3.812599,-2.6195068,1.7728415,-4.6697097,-5.2404366,-1.8573904,-3.0890207
179,0.9032861,-9.398926,-3.9960802,-7.392373,12.449784,-8.046835,3.8261933,-14.158792,21.462389,4.115921
180,-5.1984663,-3.250896,-8.353508,-7.906013,8.645778,-0.07580664,-6.50151,26.00511,-4.7656054,2.2421756
181,-2.0317144,-3.4598045,-1.4975572,-1.2904233,0.87353504,-5.5770097,-1.2149965,-1.2773685,-5.244483,20.589079
182,-4.351869,-5.2079167,-4.6700697,-3.1560726,-4.399359,-6.118905,-3.321159,13.075926,-3.269297,20.921303
183,-2.4425776,-4.043347,-3.1446066,-3.9406176,-1.6132773,-4.4057965,-2.134441,-2.8600714,2.276464,21.445923
184,-1.1229956,-4.06477,-2.4709697,0.558952,-0.799822,-7.4811816,-1.320476,-4.393906,-4.71649,24.23671
185,-2.1250222,-2.5747042,-5.479485,-2.056573,0.017462362,-0.71260303,-4.0700293,19.896906,-2.1861236,-0.33360097
186,-1.2656305,-2.6939654,-3.8822567,-2.1492517,-0.6612264,1.9228435,-4.327741,17.27077,-1.810532,-1.4783593
187,-0.44370714,26.31121,-2.5439878,-1.9024819,-3.4923587,-2.1925464,-5.6786537,-4.4724703,-2.2764304,-3.716607
188,0.7274634,0.22214004,-1.2975174,-2.0866587,-2.8497062,0.1686993,-5.2443295,-6.461252,-5.306391,21.661976
189,-5.075267,-4.0840864,-6.2839527,-2.0177019,-3.232431,-5.2099643,-3.8650222,19.890144,-3.4203393,12.7656145
190,-1.7814518,-2.3667545,-4.24638,-1.5016837,-1.5035431,-0.15450293,-4.230641,18.366756,-1.9283133,-0.09468297
191,1.9580882,-5.9442554,-6.967397,-3.9763277,25.943747,1.8708448,-5.226856,0.023487508,-6.454703,-0.90428495
192,7.5146346,0.04512274,-4.7417774,-6.8315735,-7.4936275,16.383474,-13.745414,9.950568,0.7341248,-0.06526698
193,-1.2936127,-3.3851585,-5.5012374,-4.8966703,-1.9363676,-6.199871,13.277316,12.368675,0.098066725,-2.1368184
194,-2.379751,-2.8010466,-4.6845145,-1.9198042,0.26924965,2.1088617,-5.255293,18.26188,-1.8847516,-1.3629814
195,1.5560653,-2.7562943,-3.1839395,-1.2017758,-4.426559,-11.54256,27.201426,-5.1350555,-3.5013688,2.9408243
196,-1.7758359,1.426419,16.45194,-0.7728208,-3.2433448,-3.1631253,-1.4172208,-5.008081,-3.675186,1.3782091
197,-0.07067413,2.909625,-1.7924205,-5.4966917,-1.2498437,21.326271,-10.605882,1.1311603,-2.5355916,-2.2512007
198,8.457545,0.8248476,-4.2815475,-8.103821,-2.8069072,20.572224,-13.608117,-12.617233,15.580415,-2.7130256
199,-0.4645641,1.0966278,20.53459,-3.2031648,-1.961716,-1.7239766,-2.7246516,-9.205452,-2.6840706,1.4137309
200,2.2168362,19.800104,-4.9298687,-3.9799979,0.7984407,-1.2039549,-4.0180774,-0.882714,-3.6709979,-4.339307
201,-1.4990989,-1.5567263,-2.3145657,-2.2501547,-4.3439035,-4.566518,-3.1413264,-1.9572692,-3.3891623,24.180267
202,32.723213,-5.424065,-7.1955085,-10.18476,0.11289352,0.34608933,0.3409732,-9.5704975,6.9412785,-8.053707
203,0.1676155,-3.9929717,-6.2175584,-2.2012436,1.4054624,-4.3246613,-3.4330738,22.742271,-5.426278,1.1883214
204,-1.3914416,1.2309402,-6.32296,-5.1711974,-2.06499,-4.821647,8.489182,15.029625,-1.992511,-2.4576082
205,0.6851265,20.493408,-3.6712515,-8.152969,-3.1900096,-7.435612,-1.1658332,10.56793,-3.8263485,-3.5108943
206,-2.0569649,14.200812,-5.7206345,-7.123318,-2.634923,-2.0584908,-7.4195085,-5.9359035,23.084185,-5.5632644
207,3.024176,-1.5113251,-3.119982,-0.6318991,-3.3122773,-7.2773957,22.156094,-6.6309304,-2.0138044,-1.026409
208,-2.2476945,-4.4132586,-2.8467386,0.39527175,0.10587514,-4.2449894,-1.9075646,-0.5786158,-4.4035773,19.587177
209,-0.9335769,-2.6973464,-4.9380603,-2.264004,-0.7081418,0.68823063,-4.046837,18.734484,-0.6559802,-2.5765002
210,-0.3113933,22.35294,-1.3695403,-3.3602207,-2.3334684,-0.2937218,-5.8558125,-4.2839017,-1.0538689,-3.652954
211,0.6156128,-3.2532206,14.131127,-8.188167,17.896711,-4.141691,-3.91712,-13.127416,-6.65387,6.8909054
212,1.8707983,-2.0610685,-2.471196,0.34460774,-4.216846,-9.915203,25.026943,-7.577436,-1.6941583,0.525294
213,0.8279128,-7.228625,-5.2730827,-8.0422125,26.66306,4.392398,-2.5966334,-6.603612,-1.7720315,-0.15077534
214,-3.7040343,-4.649711,-9.296079,9.624527,-1.3396454,-5.6372046,-5.8346853,24.208221,-5.9808407,1.0284802
215,0.15883839,-2.347162,-4.3587875,-1.6553403,-0.34716436,0.4685332,-5.14841,18.008677,-1.7042339,-2.5979314
216,7.494197,-4.7326827,-2.7715786,-5.2418714,-0.079758584,1.9418277,-4.7302704,-6.434561,19.200584,-4.115402
217,31.905409,0.068139195,-5.1419196,0.53153557,-6.916055,-12.931711,-0.9352665,4.1454296,-5.899997,-4.041396
218,-1.654913,-2.9096148,-7.5216904,-4.8601727,4.215828,0.530234,-7.6787896,26.773745,-3.5130298,-2.55787
219,0.34865984,-3.6592274,-0.36471146,-5.8450336,0.5197951,22.43089,-8.513546,-3.4513934,2.1365175,-1.9564993
220,-3.2911532,11.10818,1.7864002,-7.486265,-1.3749131,5.804353,-10.879724,-9.031654,-4.2183223,16.8135
221,-1.9387277,-5.1561,-3.8858225,-2.882933,-2.7034526,-5.831902,-2.3982384,3.215257,-2.5532737,23.487148
222,-1.1924276,-5.2029862,-6.408689,-5.209312,28.831463,-0.89507467,-5.101933,1.201565,-6.153752,0.4776564
223,19.568619,-0.042083915,-1.3066839,3.8522205,-8.931318,-4.601738,-4.141134,-13.55281,-3.0683615,11.245249
224,-3.047977,-8.676862,-8.505606,-3.5893476,16.908026,-5.1218905,-7.59297,21.947853,-6.2615385,3.9229932
225,-1.4552653,-6.282481,-4.4477835,-7.359077,27.57457,-4.491676,-3.5967722,-7.0043964,-3.3619294,9.921151
226,-0.71232086,28.161966,0.49181345,-9.606071,-0.1294637,-2.232393,-2.6393187,-7.186388,0.06466455,-5.6609197
227,-2.1718209,1.634885,16.995949,-0.687246,-3.4723163,-2.7127316,-1.4595839,-6.3064804,-3.2811213,1.506484
228,1.3148313,23.106102,-1.4422005,-4.8008046,-0.5148045,-1.2609402,-4.8954964,-2.8874133,-3.903322,-4.8019886
229,-3.6278374,-2.9781585,0.14492539,-3.9572947,-3.516903,-0.92552537,-6.0584326,-6.2857018,26.579393,-0.14925075
230,-1.7030767,-5.8197494,-4.38457,-6.7349715,25.210196,-0.55540687,-2.7584975,-2.5533156,-3.5383422,2.7858694
231,2.7847028,20.417835,-2.340452,-5.426189,-2.5519843,2.30091,-3.7787344,-4.561276,-2.7116284,-4.369286
232,-0.201561,-2.8941987,-4.086705,-2.263174,-0.04973483,1.4912279,-4.103668,17.007555,-1.6804187,-2.4587781
233,-0.45562863,-2.012209,-3.700888,24.020954,-1.1817485,-6.901088,-4.0431776,-3.4915884,-4.9648647,1.0928104
234,-2.1576757,-3.1184707,-7.0766,-4.838288,5.5948296,2.8058429,-7.368745,24.62268,-4.9103575,-2.5385063
235,-1.6233152,-3.170057,-3.749042,-2.0114155,-0.40661812,1.6550744,-5.356834,18.247168,-1.4955785,-1.6630193
236,-3.3200932,-11.191639,-6.074707,-12.72833,32.891567,-4.8599186,-3.611145,-8.283863,4.241704,12.035169
237,-3.5546508,-4.511087,1.357687,-6.6578007,-1.6274091,-2.9883616,3.0734837,-5.7097874,19.747356,0.6070043
238,-0.30476153,27.121017,-0.8449024,-4.5825505,-4.7505856,-2.473864,-2.9780946,-5.6308336,-2.144889,-3.7129726
239,-1.225969,-0.68019974,-1.9585775,-3.0788176,-5.1034904,-7.5836143,21.539204,-6.770079,6.5911546,-1.9992046
240,2.3308382,-2.3818216,-4.8074303,24.58045,-4.1228967,-7.928243,-0.27593198,-1.7283831,-5.2139196,-1.7403452
241,-2.2816336,-4.96,-3.5264637,0.34581536,0.051411577,-4.980884,-2.0004163,-1.1238961,-4.807078,22.472702
242,3.119501,-4.723183,-3.9588306,7.113145,-0.9580233,-4.497864,-13.263417,-7.488481,26.47914,-1.9877902
243,-2.0293105,4.923385,18.526783,-1.4310312,-4.7397985,-2.4556026,-1.6279424,-6.93411,-2.3324256,-1.3853598
244,-0.31605068,5.2632084,30.97044,-6.6903086,-4.8174295,-3.9156752,-7.4683986,-12.781716,3.3125305,-2.959664
245,-1.3098289,-2.6442757,-4.422375,-1.6070024,-0.7842151,2.352963,-4.332633,16.094166,-0.69612616,-2.0693846
246,-3.2624383,-3.4418862,-7.577214,-3.7310197,-1.1154159,-6.308748,5.137328,23.123236,-1.7280428,-1.0718503
247,-0.9784307,-2.1245916,-4.8272595,0.4690937,-1.1946571,-1.6747879,-5.673474,21.213669,-4.0211086,-1.204349
248,0.5638508,24.127337,-1.778479,-7.1401772,-1.2087858,1.5330724,-4.887068,-5.853143,-1.551702,-4.159422
249,4.1685257,1.8024737,27.85357,-4.837427,-4.0717416,-5.103423,-4.5320554,-14.810806,4.618064,-4.221735
250,-2.600001,-2.969851,-0.32543722,-4.7358947,-0.17911114,-0.4471865,-3.6639414,-3.7298434,19.400135,-0.53851837
251,-1.572668,-0.07113615,1.7074941,-5.85348,-3.3932672,-10.16793,21.177658,-12.744307,15.029339,-3.4749112
252,3.1681032,25.111435,-3.8872778,-1.761948,-5.622723,3.5121584,-6.3550777,-8.673459,-4.315279,-1.79847
253,-1.0571836,8.289669,-8.717949,-5.9870796,13.437558,-3.3814585,-10.750778,21.216337,-7.389878,-4.0733113
254,-2.586223,-4.7510614,-2.1876297,-0.15790507,2.453906,-5.34876,-1.7045578,0.99841565,-6.4481425,19.375313
255,-0.67237973,2.2450902,21.981249,-5.0362816,-3.6141267,-4.7343173,-2.7522993,-5.299098,-1.4684609,0.53315955
0,-0.9951722,1.4963361,19.246832,-1.4387757,-3.4192266,-2.9082265,-1.4186091,-6.548797,-3.280596,-0.26765054
1,-0.17119844,24.97628,-2.16674,-3.2160296,-3.0223246,-2.5355022,-3.7741199,-3.0701985,-3.2083972,-4.084463
2,-1.3081642,-4.133561,-2.1321087,-0.23819005,2.0147564,-4.369053,-2.3248522,-0.73083633,-4.9258113,17.83802
3,-3.084914,-6.60288,-7.0694036,-5.528136,24.798712,0.2475045,-6.9339304,3.706332,-5.5539107,5.8843036
4,-3.7627797,-6.5741863,-6.8624516,-5.775207,21.669193,3.7344823,-7.8448505,7.7223244,-8.037376,6.0978804
5,-1.4317888,-2.2040217,-3.1614928,-3.987944,-0.13220805,1.832754,-4.884757,-0.8921966,17.740938,-2.9749255
6,1.8891952,3.148932,-2.381136,-4.495328,-0.41991386,20.086323,-8.05316,-3.4649663,-2.3951395,-3.1583374
7,-4.2523403,-3.6065197,-3.994097,-4.0582786,-3.432952,0.44490272,-7.8258367,22.144766,-5.216837,10.333606
8,0.74656326,22.20962,-1.5646521,-4.5487804,-0.5497122,-3.5497026,-2.4655845,-4.274217,-3.0830193,-3.305416
9,-1.1057906,-3.6874678,-4.527592,-5.6619725,24.03986,-0.32321376,-1.6961584,-4.1468368,-4.565199,2.1846905
10,9.327468,18.538239,-4.0277734,-2.6604264,-3.481017,7.8113003,-9.386183,-7.8518934,-3.7948956,-4.9847674
11,-1.905365,-1.1162807,-7.9387236,-5.9668827,-4.2617993,-3.7349768,-2.3742237,9.206811,20.974876,-3.2333279
12,-2.0625834,-3.8346703,-1.9077005,-1.4485509,0.8331784,-5.579691,-1.0252148,-0.6929346,-5.5975423,21.287148
13,-2.826613,-6.0713935,-2.5553987,0.32648063,4.453715,-4.937297,-1.6511918,-0.2989239,-6.1182976,19.037659
14,0.6901961,23.634748,-0.65273213,-4.696192,-2.163652,-1.797054,-4.83119,-3.3009026,-2.0608938,-4.868769
15,-1.180469,13.059737,-0.50352895,20.827972,-3.416524,-9.951433,-2.1165106,-8.54348,-4.8727756,-4.762538
16,-0.80404556,0.21556804,-1.2882224,-0.8364179,-4.078257,-7.135964,20.009953,-4.7644463,-1.077143,-0.63980675
17,0.30364963,23.114035,0.14241725,-5.5241375,-1.427028,-2.0309029,-3.100986,-4.432959,-2.5735123,-4.6629415
18,-0.9971308,0.656971,-1.067225,-1.5381851,-5.0133734,-8.688504,23.754286,-4.0703626,-1.989423,-1.1948901
19,-0.74799055,0.039776552,-1.1243615,-0.3490953,-4.1559606,-7.279794,20.56564,-5.7161074,-2.194725,0.6387389
20,20.90861,2.7040699,-2.158281,0.022870725,-1.5370139,-3.2901142,-1.3347824,-8.594402,-3.8085103,-2.670469
21,8.133677,6.6059957,-1.9142219,7.610825,-5.993024,-10.969665,-0.39074472,-10.4339285,-7.7257457,13.290011
22,-0.6016306,-1.5270516,-4.6838455,-6.0151353,2.628758,25.849665,-11.716542,2.4736655,-0.97346824,-3.8825967
23,-0.8419373,-2.4245338,-3.3176382,-5.1162405,-5.890178,-0.8697402,-5.0479097,0.023376524,-1.8398889,25.165638
24,-1.639121,2.7315843,17.132845,-0.506526,-3.8489146,-2.996061,-1.6245394,-6.5460176,-4.069808,1.811162
25,-1.8948028,-4.778984,-2.8373823,-0.9835422,0.5340753,-4.9336677,-2.8690505,-0.9969426,-2.5806892,21.097065
26,0.60065293,1.1819359,17.264776,-0.705091,-4.9329376,-0.4117266,-3.2274451,-8.903127,0.26467714,-1.2178278
27,0.28333637,-3.295568,-3.6095045,-5.975537,6.518558,23.835495,-9.130119,-2.4368079,-1.6292039,-2.932537
28,-0.42658105,23.270744,-1.8616544,-5.5331755,-2.5656548,-0.4452711,-3.0696661,-4.055905,-3.4024048,-2.684478
29,-1.2464886,-7.923127,-2.2481275,-11.505221,-1.5876921,-0.19855452,-3.1123486,-0.8494473,30.767931,-2.0221837
30,-1.3179084,-3.4837635,-1.8966998,-0.67254543,0.19298804,-5.215766,-0.89380586,-1.8806219,-5.879628,20.81437
31,0.9679661,22.674603,-0.0989542,-3.8836167,-1.9253029,0.5255075,-6.083702,-4.574006,-3.6436133,-4.299678
32,-0.66684246,0.5300427,-1.656352,-1.9589168,-3.7770085,-6.648554,19.9147,-4.734253,-1.3299747,0.03818523
33,-0.5254544,-3.1213825,-4.2526484,-2.709421,0.65413004,1.0014542,-3.4850245,17.270302,-1.9819548,-2.0519087
34,-1.5163412,-2.4293075,-4.1450768,-2.5120864,-1.1997294,1.6399069,-5.309692,18.484495,-1.0426476,-1.5053561
35,-1.814287,-4.963219,-2.512417,0.25153726,1.491917,-6.006077,-1.6608806,-0.058672696,-6.2629676,20.688353
36,1.150329,26.26392,-2.8080633,-4.0303755,-2.3679128,-2.5585737,-6.2142487,-2.862104,-2.320144,-4.735752
37,-1.588547,9.5345,1.1773862,-3.7429202,-6.47081,-11.836684,28.381273,-12.542579,1.6933199,-4.4270983
38,-1.2668988,13.971112,-3.6689348,-8.486481,0.62623745,19.171555,-14.271598,-8.184478,7.4367003,-5.239954
39,-8.388857,1.941123,12.153198,-12.982498,-2.0739455,-8.400592,-2.7695222,-1.9696581,13.024549,10.842434
40,28.641617,5.344244,2.2536354,-0.6877973,-3.0693827,-10.212151,-1.4156516,-9.800182,-3.4515045,-7.1132574
41,-3.3640902,-4.3777447,-9.477665,-6.1847878,-0.7204756,-7.124644,-0.7280103,29.166636,7.059861,-4.1145945
42,22.975967,-1.5289667,-0.2864923,1.2287276,-0.8243604,-4.3672624,-1.2841121,-8.697404,-1.9985,-4.6939836
43,-1.8003907,-4.3770175,-1.481892,-1.517425,0.6324021,-5.727012,-0.61424947,-1.2043424,-5.080048,20.997553
44,-1.1518929,23.021631,-0.045655787,-3.9469972,-2.4210768,-2.5250614,-3.1348724,-6.2337303,-3.4407492,-0.46624285
45,-1.100917,-2.5576534,-3.495742,-1.7245412,-0.84870344,-0.60646653,-3.7906787,17.696943,-2.3909962,-0.58902353
46,0.3323486,20.719944,-0.7731296,-4.6539264,-0.12310344,-0.80640244,-3.7679868,-6.327655,-2.9304416,-1.9493237
47,0.110688955,-3.4404113,-4.9401097,-4.934103,24.881826,-1.2754365,-3.33303,0.8909468,-4.6572127,-2.7895708
48,-3.037826,-4.573844,-2.9199986,0.7911056,0.58563,-3.8218791,-2.262742,-0.27014315,-6.0103126,21.146065
49,-1.174206,-2.9748178,-4.1802306,-2.2302802,0.5877165,1.8165698,-4.2304707,15.543423,-0.1308305,-2.3810432
50,1.4523443,-1.753125,-5.00099,-5.787552,28.490448,-1.32173,-0.9283714,-8.066664,-5.401309,-1.7855141
51,-1.1428136,-0.64405215,-4.864659,-3.0314682,-0.8911525,4.002577,-7.1249437,20.28097,-2.5952003,-3.068733
52,-0.16978699,-3.8013806,-6.220381,-4.1261554,26.004286,-0.6779849,-3.0406733,2.0474162,-5.374662,-4.226631
53,-0.7859552,-3.3577483,-4.082721,-2.2033513,-0.0753341,1.3932096,-3.9307036,17.395338,-1.5497322,-1.9383944
54,-0.35329503,-5.182764,-3.1795506,-2.2050645,3.4995966,-1.3888469,-2.411774,12.605722,-3.962998,2.9858282
55,-3.1730852,-4.284637,-1.4183067,-0.056549065,2.4654984,-4.9959283,-2.561967,-0.8622108,-7.8460298,22.193537
56,0.7563981,-1.592835,-2.953593,-1.0093395,-4.939761,-9.390651,25.893526,-6.182325,1.4436574,-2.6294272
57,-0.99868983,-3.6991704,-4.355807,-2.3437147,-3.0234947,-0.4427741,-3.877246,17.80518,-2.7731516,4.1566067
58,-0.46646014,-3.8265193,-4.3006444,-5.1994247,23.408184,-1.1982735,-3.9298756,0.1685948,-4.0174856,-0.252344
59,0.427637,27.37009,-4.351774,-6.740048,1.1467206,-7.2020154,-3.4559581,3.4430895,-4.090772,-6.431894
60,-2.0009441,-3.0834317,-1.8827215,-4.3736777,-0.0735192,2.9855483,-3.9477046,-2.9516847,18.305946,-2.731392
61,-1.9716696,-5.62849,-3.4350173,-3.9750955,-3.806026,-6.3162837,-0.62009466,-7.9839096,8.207887,24.009329
62,-1.7245866,1.8154161,16.660414,-1.005505,-3.9417381,-2.8881004,-1.6820037,-4.6826935,-1.8243346,-0.086795755
63,9.104498,5.70625,24.849627,-4.1264915,-7.7036004,-11.796993,10.749995,-19.2488,-0.1529876,-5.5113883
64,-2.4260378,-3.6585493,-1.6271287,-1.5677453,0.30303222,-4.135039,-2.5069132,-2.892013,-3.7718825,21.953045
65,13.111015,-3.7058406,-4.591784,7.9528046,-4.3910904,-11.558838,19.052204,-8.374502,-3.4385982,-3.8661761
66,-1.6559232,-2.3831987,-3.2808075,-4.6997786,22.850069,0.9111933,-3.0163305,-1.6051707,-5.520634,-0.7779397
67,-1.7478589,-7.3223433,-5.8004785,-6.6697035,24.15302,2.6252406,-6.436263,-3.367606,-5.7322764,10.113323
68,3.6941745,20.575901,-2.0706944,-5.7687945,-2.373345,2.4885142,-5.065587,-3.9217513,-1.5939586,-5.8934503
69,-0.7505169,-3.706866,-1.6924341,-1.2804003,1.3739103,-4.5212746,-1.9655292,-2.0135715,-4.7038465,19.293608
70,-0.5080789,-2.787339,-4.0724545,-1.8329684,-0.819338,2.07957,-4.230076,15.9236555,-0.40344545,-2.624113
71,-1.7092539,1.2067521,16.075535,-0.8254348,-3.1694164,-2.6299717,-0.46205395,-4.2421937,-2.6902888,-0.81626976
72,-2.1229103,1.1873448,-7.3921247,-9.248209,-3.3955374,1.0642419,-9.0534525,8.964391,24.71927,-4.803166
73,0.18697509,-3.8159146,-4.302566,-1.2537295,0.64351016,0.9743718,-2.8367214,15.104223,-1.4326098,-2.7274315
74,-1.8388325,-3.9709663,-2.20556,-1.9675558,-0.6198928,-4.4732895,-1.5420235,-1.694185,-3.1473503,21.124792
75,-4.464527,-5.195781,-4.9267735,-2.7972078,-3.9608226,-2.3645015,-4.7496605,16.802794,-2.0278645,13.46755
76,-1.737952,-4.9326615,-2.6866746,-1.6777723,-0.3926989,-4.8068175,-1.2455056,-2.5238705,-0.16092479,19.711168
77,0.061893854,22.41262,-2.0928524,-5.6572657,-2.1554432,0.17442074,-3.1762574,-4.647102,-1.9593498,-3.6486287
78,-2.4266593,1.6012172,22.63597,-3.0947962,-4.6470394,-2.8986933,-2.5147269,-5.513593,-0.0719484,-2.198877
79,2.444934,4.5307827,27.79997,-4.448876,-6.86516,-0.26784787,-6.2747235,-13.382634,-1.221711,-1.0637456
80,12.877559,-0.9285735,-6.739804,-7.8553944,9.2773695,12.824227,-11.382702,0.68224674,-1.7928821,-6.323848
81,1.8603036,-4.0367227,-2.8291724,5.239117,-7.079988,-13.160732,27.280138,-9.301865,-3.9682434,5.665238
82,13.592347,-7.423825,-1.7565168,-6.9366302,13.6469965,13.2919445,-8.396544,-11.534811,-1.2581464,-2.753284
83,-4.643121,-5.0904403,-4.950333,-4.432592,-2.7174392,0.09379201,-6.563854,19.65018,-4.8816433,13.990706
84,24.50573,-2.4947374,4.3183274,-0.66345763,-0.42619133,-4.8674393,-1.0259434,-11.644974,-1.5303733,-5.333843
85,1.749241,-0.8411202,-2.9178824,-5.3554087,-1.9815718,-11.423604,29.669125,-10.353592,-3.3544693,4.7475796
86,-3.0118914,-4.621354,-2.694677,-2.620808,-2.2626839,-4.2559476,-2.4997294,0.15471433,-0.033167914,21.112846
87,-4.074753,-6.430968,-1.9959525,-5.4384155,-3.1096907,-9.843898,3.9825213,5.3060703,-2.1142201,23.259207
88,2.5316877,-1.2541587,-2.5981116,-6.5259147,21.549534,-2.7361214,-3.5016572,-7.2782054,-5.724335,5.567451
89,-0.3986286,-5.6623936,-3.8035927,-5.2418137,11.429936,-9.977516,-4.889481,-10.420975,-3.9595652,31.917564
90,-1.8488082,-3.9263954,-2.9556034,-6.656151,-0.9477842,2.307335,-5.141987,-2.4841278,20.616125,0.28370407
91,-3.3767788,-5.006113,-6.1175675,-0.41611224,-3.7382026,-2.7270083,-4.9067583,19.906532,-3.0949147,8.538381
92,-2.2574239,-4.426044,-3.2018883,-2.3438275,-4.8919992,-3.8397863,-3.1753328,2.3564243,-1.9843225,23.272102
93,-1.864151,-5.5793123,2.9990017,-5.8591485,-1.070827,0.19510671,-4.2745085,-4.9588985,19.39035,1.4301304
94,0.7947581,22.802835,-2.167155,-3.3691258,-2.5096445,-1.2305648,-4.1705117,-3.4979794,-2.4465137,-4.54245
95,1.1497222,-4.0016823,-3.4871323,-5.3565087,23.507,-2.6601102,-0.42520604,-4.01287,-3.4597619,-0.9912967
96,-3.0092323,-5.0928664,-2.8571115,0.42091894,0.09801793,-4.272731,-1.5232655,-1.010936,-3.592989,20.163754
97,0.40018442,-0.8229943,-5.5313,-7.349887,-1.6913378,21.22225,-11.43381,8.799202,3.426075,-5.495542
98,1.6192889,0.30084726,-3.3048563,-5.665818,0.96932983,22.743912,-9.198531,-1.9909556,-1.4916732,-2.7216585
99,-1.5704575,2.2105656,-6.129555,-6.139311,-1.6629286,15.024934,-11.775755,17.072905,-1.6630114,-4.0249915
100,-3.1239383,-5.275847,-2.42439,-0.30198154,2.0278153,-3.663536,-2.697981,1.1499367,-5.671302,19.893242
101,0.18551877,-1.8943242,-5.047957,7.1371546,-7.087135,-13.751403,28.666367,-10.100248,-3.6278389,5.0922365
102,-1.6315575,-4.5100236,-2.5998883,-0.58435136,-0.48959696,-5.7175007,-1.5261309,-1.3296468,-3.8032951,21.669313
103,-0.28742546,-5.29805,-1.8572508,-1.8470851,-1.0515877,-5.3039174,-0.2950605,-4.7802362,-2.520774,22.532347
104,0.6687478,12.083779,-8.460913,-4.4998903,-5.822367,-4.4400544,-8.768251,26.84907,-3.516143,-3.693573
105,-1.9555172,-4.4899006,-6.5528746,-4.4515104,7.0314164,-0.86681527,-3.7024198,21.984818,-3.8077977,-2.483626
106,-1.6968409,-3.8065047,-2.5051057,-3.4895136,1.3820956,-4.7326922,-2.8804173,-5.6235757,2.5390627,20.062632
107,-0.9430415,-2.665654,-4.2734833,-1.7741092,-0.845422,2.2966135,-4.7836747,16.939682,-0.876352,-2.393879
108,-1.6589077,-3.146903,-4.6837454,-2.1978683,-0.30108643,0.36480507,-2.7512553,17.330553,-2.4611392,0.13478082
109,2.1798072,25.375858,-1.0758058,-5.2082567,-1.7239314,-2.075733,-4.4198833,-5.024409,-1.8904362,-6.1204176
110,-0.61016697,10.532665,-1.0793505,-5.5449605,-0.1454739,-13.849847,26.35684,-14.441376,-0.768748,-0.9543258
111,2.7838085,-3.5707426,-4.148453,-7.5470796,22.604982,-0.082536526,-1.5447081,-3.7756279,-4.2031913,0.097062625
112,-3.3143902,1.6927165,16.796108,-1.4770675,-3.6467638,-1.8277289,-2.5387151,-4.5153046,-1.2256162,0.5874653
113,0.55697054,-0.08452991,-1.809774,0.421715,-5.0005126,-8.816043,24.07471,-7.0512714,-2.5373983,-0.037774887
114,-4.287292,-8.828355,-5.280559,-11.714365,24.649115,-6.9822884,-6.605304,-12.088624,11.657988,18.55069
115,8.372939,3.2246795,-7.1535935,18.809338,12.006313,-11.110177,-8.30243,-7.738182,-3.0304058,-6.571059
116,0.109704375,1.0091481,0.4108732,-2.5312643,-4.343833,-7.4575706,23.255577,-9.274036,-1.5318651,0.04180429
117,-1.8140974,-4.0198426,-2.0030298,1.1171267,2.3656964,-4.883787,-1.931736,-0.75821656,-6.5967383,18.483953
118,-1.7991415,-3.1277103,-5.1362553,-1.7351966,-1.293254,0.4943605,-3.7175534,19.336596,-1.7212423,-0.78612715
119,-0.6178317,-2.6234226,-3.8444922,-1.9040619,-0.782031,1.8298737,-3.4390402,15.367876,-1.0887513,-2.1116266
120,-1.6391367,-2.5426114,-4.1227703,-1.3002883,-1.6442156,1.6876465,-4.286716,17.133495,-1.5360962,-1.2215576
121,-2.1871572,-4.67251,-2.5976548,-0.83787984,0.38272,-5.032102,-2.632983,-1.1465182,-3.4398248,21.781115
122,-0.41004318,24.878246,-2.572799,-1.554011,-2.9909306,-3.667248,-3.854797,-3.253153,-3.1599696,-3.871567
123,18.196873,21.69838,-4.0505924,-4.169914,-1.7569972,-2.4887173,-6.3338885,-10.797249,-2.4894292,-8.551108
124,4.1246595,-3.7691333,-5.039916,-3.0684426,-2.13444,-0.06230963,-9.826346,-8.721354,30.712648,-2.34312
125,-1.5800074,-3.5069046,-4.353621,-2.1318188,-1.4682567,-0.52876836,-2.9777124,17.763483,-0.21639402,-0.304527
126,0.6011273,-0.45406494,-3.3433704,-2.8006265,-2.1080456,2.2254426,-5.7043543,17.163252,-1.7505306,-3.103352
127,-0.40842646,-0.4110764,-2.819946,-5.4258986,-5.5351534,-9.628532,23.9248,-6.7688513,11.080195,-3.724421
128,-0.49448755,1.0002624,-1.1954826,-1.2191203,-4.353864,-6.735194,20.800966,-6.4950914,-1.5113059,-0.24627188
129,-0.08163598,-0.7517407,-3.2942455,-2.9580443,-1.0636468,3.5111904,-5.9892197,16.905613,-1.6542802,-3.6479738
130,-2.2292776,1.9781655,17.591284,-1.1225411,-3.8532357,-2.531584,-1.2704461,-5.101785,-3.152084,0.29536417
131,0.6958064,24.93709,0.02658245,-5.471794,1.9225527,-2.2754948,-7.0583158,-7.664896,-4.66516,-1.1513187
132,-2.2413862,-3.0429924,-4.3400617,-1.8398842,-2.0236626,0.48167917,-4.9317627,20.406528,-1.8133544,-0.080449715
133,-4.6786394,-3.5573473,-8.196391,-6.978449,-4.5779405,-4.1558905,-7.0431542,24.403402,16.033323,-1.3936048
134,-1.1774249,-2.8260243,-0.5285876,-4.98344,-0.6423545,1.0996149,-3.609707,-3.163326,19.836393,-3.2079568
135,-3.4082353,-5.176274,-2.6102374,0.017412608,1.12862,-4.1580467,-2.4114168,-0.8447023,-6.6879535,23.958223
136,-2.242401,-1.8601376,-5.0604935,-2.668412,0.43001264,0.06352236,-4.91045,21.097061,-2.2661304,-2.0160995
137,2.1743474,24.685364,-2.3268979,-5.047728,-1.5399367,-0.7103736,-7.014655,-3.2067547,-1.273066,-5.7962985
138,1.4541928,0.028600674,-2.743285,-2.6238248,-3.2390828,-7.303517,23.249123,-5.8005414,-2.5772016,-0.92787206
139,-5.1250305,-4.9006305,-6.918299,3.405726,-7.141771,-10.846282,2.7051518,8.280525,-4.301251,22.85753
140,0.45852858,-0.10410988,-0.83067095,-1.1534114,-3.461029,-7.0814734,20.664576,-6.7542195,-2.1677313,0.16331047
141,26.01824,-3.5822692,-3.6414957,-5.063054,-0.8335603,-5.647672,11.379991,-13.14894,-3.9138062,-1.864503
142,-2.0376847,-3.5650425,-5.770419,-3.5860178,2.8233256,-0.28028262,-5.67162,23.348629,-2.7508216,-1.6642427
143,24.146013,-0.9397927,2.348012,-1.5683699,0.8095217,-3.8355784,-0.97149885,-11.3626,-2.1768088,-5.4046955
144,0.19467965,-1.5647172,-3.4296649,-4.826851,20.725529,-0.5828441,-1.8917624,-2.392501,-3.4999435,-2.2301815
145,0.18671349,-3.3060207,-4.4752064,-5.002183,-0.70339227,2.735148,-5.3367634,-4.5412235,20.945217,-0.9460657
146,1.4738806,-0.28956664,-6.8226185,-6.8883295,26.223848,8.850371,-7.182142,-5.263662,-7.2416234,-2.7388082
147,1.2572229,-3.2174535,-5.487935,-0.9304008,-2.1510425,-0.44562176,-6.3043504,22.72661,-2.4932199,-2.3640046
148,-0.35531685,-2.5431054,-4.2112026,-2.465891,1.0157514,0.23888215,-2.2373288,15.186852,-2.0096538,-1.9743178
149,0.8974673,23.10085,-2.3796923,-4.592735,-3.0467997,1.8198247,-6.1253643,-4.629007,-1.151709,-4.375767
150,14.4891205,-3.127886,-3.5313818,-3.3011048,-1.4154903,-9.164798,22.61166,-11.167627,-2.476345,-2.8606777
151,-1.8269286,-4.1351824,-6.4030447,-2.8877022,3.529581,0.23295721,-5.4477534,22.430637,-3.4875767,-1.5282731
152,-2.0079286,0.69550157,16.056967,-0.6920284,-3.9247031,-3.0974925,-0.25296283,-4.2884626,-2.4145646,0.34068426
153,-1.8312913,-2.0935917,-1.9142618,-4.153897,-1.0177428,0.53682,-4.342051,-2.446019,18.505274,-1.0431857
154,18.172031,9.089714,-1.2843403,13.392353,-8.659148,-5.404125,-7.099239,-11.645789,-7.1501336,-1.160799
155,-0.6685707,1.1636617,-1.6122874,-3.3316996,-4.7514334,-10.097348,28.841196,-8.121014,-1.7699594,0.33474743
156,-3.0911417,6.3948812,27.070274,-3.7063408,-6.159526,-6.1547446,3.9776924,-13.452868,-1.960015,-1.9438949
157,-1.1917963,-2.3570602,-4.699403,-1.4581999,-1.2984172,1.373693,-4.571476,17.051716,-0.11834384,-2.1394672
158,-4.409527,5.6859803,-5.6952853,-5.3963475,-2.5564847,-2.692936,-6.982244,-2.3715007,27.271215,-4.336287
159,0.07512918,-2.5397668,-3.3877716,-2.4879067,-0.43215543,2.07264,-6.3996654,18.001278,-0.9245704,-3.0549269
160,-1.4140974,-2.989646,-4.8192444,-2.1648648,0.487493,2.2638214,-3.8630145,17.049961,-2.2672498,-1.5668982
161,2.4865572,0.6529897,-3.7276652,-6.48475,7.9809136,25.536892,-10.067627,-6.9626017,-3.4232047,-4.6646185
162,-1.5902807,-1.7509878,-4.4454236,-1.9106667,-1.2018882,2.0641468,-4.995967,17.146313,-0.35034952,-2.297934
163,5.3213577,18.429525,-2.5672276,-2.2438135,-4.16762,3.6464353,-7.0242267,-3.1812563,-3.0049124,-5.597904
164,-2.8642352,-4.2302136,-3.5394545,-2.5155842,-5.7757635,-6.9526157,-0.6800126,-3.0669012,5.8898582,21.95967
165,-1.3065041,-2.143404,-3.6630793,-2.8531733,1.6913579,1.1588783,-2.8763573,14.894283,-1.8340375,-2.3482277
166,1.2152971,22.070671,1.5514473,-3.2166872,-3.333078,3.0890765,-7.862178,-7.1511135,-1.9318177,-4.4797463
167,24.889418,0.32302508,-2.2078674,0.5000441,-4.6573577,-2.293618,1.1974716,-11.540768,-2.6854718,-3.6680667
168,3.9944718,28.769222,0.29896525,-3.3068573,-1.2711415,-6.0106726,-8.564786,-7.935238,-1.0640664,-5.626054
169,-1.2746931,-2.5452256,-4.971101,-2.9640124,0.388808,2.6129181,-6.181737,20.877285,-2.645553,-2.466135
170,-1.5971849,-1.5474192,5.376572,-3.2349253,-7.51131,-12.0829315,28.073076,-11.757324,5.0862026,-0.20464027
171,-4.6764455,0.57473683,-5.173652,-0.8612981,-5.147994,-10.757922,-3.4982047,1.6783116,-1.5847008,28.711002
172,-2.2024696,-4.0647726,-2.6467395,-0.49716148,-0.8712666,-1.3353255,-3.2646303,-1.8461525,-4.387475,20.934704
173,-0.58427626,0.47465095,-1.2406273,-1.1132075,-3.6083336,-6.184854,19.048502,-5.2680335,-1.3470619,-0.5403194
174,-1.8416461,20.852894,15.559935,-4.9671297,-5.3440647,-0.41134223,-7.4331045,-9.785367,-1.7875632,-4.5882435
175,-2.528866,-4.0569754,-1.6298178,-1.6877984,-1.6832167,-3.1091292,-3.1142907,-2.921485,-2.4052804,22.789898
176,19.040333,-5.9877973,-5.6587033,4.00773,-2.855041,-8.069077,14.055263,-9.135993,-1.808178,-2.941061
177,-1.787319,-3.007328,-4.091341,2.15583,-2.618722,-8.536694,-0.7045952,-7.6845007,-0.96110255,24.985647
178,-1.8110179,23.683693,4.887636,-4.467969,-2.336567,-2.4161003,-3.0789027,-7.389064,-3.6256561,-3.5556002
179,-1.3442119,-2.0123594,0.60384524,-4.805057,-0.46558964,1.656116,-4.9917397,-2.383087,18.156507,-3.4544804
180,1.438473,-0.13491902,-1.6154989,-0.9568409,-2.3995214,-6.1853843,18.925528,-6.4907293,-2.5173934,-0.48537964
181,-2.3434126,0.96711385,-0.841385,-6.3810225,-3.1810384,-4.825113,8.903217,-10.002361,20.359215,-3.032905
182,-2.8215928,-3.346589,-1.5780624,-2.346094,-0.81090814,-5.8229423,-0.4045669,-1.7359049,-3.6348937,22.206875
183,-0.51170856,-3.011044,-3.260882,-2.4331477,-0.09298697,2.9864333,-4.3067737,15.18322,-1.1277548,-2.4760017
184,-0.52032053,27.948334,-1.8744603,-6.705987,-2.5227947,-0.5470435,-6.502136,-6.076803,-1.100112,-3.0951438
185,-1.6825426,-4.8196135,-2.4408875,-2.5569978,-2.61412,-4.572504,-1.3741,-3.9350436,-0.0067296103,23.623343
186,-2.726044,24.612844,-11.156003,7.7218986,-10.054011,-7.0648656,-7.7139287,7.303892,6.3036366,-8.041393
187,0.3020407,6.2698627,-8.109746,2.1484425,-2.1846871,-2.6268945,-7.4208436,21.540472,-5.2065997,-4.828353
188,-2.6860816,-2.547161,-6.711524,-5.42822,-0.053609602,3.7934134,-9.699946,27.438272,-0.18640417,-2.7516572
189,0.39825812,23.31449,-2.6769476,-4.2658696,-1.3005,-1.9902675,-3.9448833,-3.9576771,-1.9239607,-4.16006
190,-2.0411127,-7.022656,-4.7616944,-8.159638,21.052795,-5.054866,-2.965549,-5.7697964,-4.1726127,17.95809
191,26.35296,2.361091,-3.141665,-1.8202482,-3.270255,6.106817,-7.3996696,-12.943736,-0.1280601,-5.992992
192,0.42884463,-4.1299505,-1.74294,-5.0009,-1.6855738,0.86000913,-0.2021682,-2.904219,16.924526,-2.185586
193,-1.7551655,-4.3841453,-2.0362601,-0.0062455777,2.8370156,-5.402897,-1.3722241,-1.5954652,-5.959533,19.53212
194,-1.5669787,23.182098,-1.81816,-1.9032027,-4.2054605,-0.6271142,-3.6677525,-6.375033,-2.2317214,-1.3323598
195,-0.4169133,-3.2550406,-4.676326,-2.2715867,-0.905024,1.2880728,-7.8419228,21.494192,-0.04322818,-2.6902642
196,-0.976185,-0.18668382,3.1233718,-1.2636374,-5.9808826,-8.972566,22.00939,-9.848558,-1.6650432,3.6540394
197,-4.748569,9.808332,-5.482279,17.484457,-2.7955995,-16.51162,11.553445,-1.6450925,-9.984949,1.1126431
198,-3.0810745,-2.7320387,-7.626885,-7.8663774,3.008144,16.820147,-12.452094,19.633503,-1.4653704,-2.6179984
199,-1.4992934,-3.77134,-2.4792862,0.024270928,0.69442356,-3.4048176,-2.2857347,-1.4112368,-4.7390513,18.471218
200,-0.9714307,0.9442575,21.53494,-1.185559,-3.5702224,-3.074145,-2.3889139,-7.3032265,-3.2305696,-0.28695345
201,-1.223715,-2.0071726,-3.7236142,-2.142098,-1.05906,1.6527153,-5.5104394,18.70777,-1.7225941,-2.3416436
202,0.41256586,24.0545,-2.2763486,-3.5062325,-2.4061937,-1.3368332,-5.3072114,-3.4661705,-2.51132,-3.72715
203,0.66543704,9.492719,-2.187579,-5.4668646,-0.8938043,18.583694,-9.141753,-2.7235203,-4.0955505,-3.8342032
204,-1.2816777,-3.4599462,-5.581905,-4.8897867,-1.261878,-0.27590218,-5.9704847,23.526829,1.2870672,-1.3124697
205,-1.3457224,-0.9052263,-4.3012185,-2.529855,-1.7337171,3.4121544,-6.935899,20.579144,-2.6638045,-2.6841717
206,-1.8788391,0.8828587,16.895683,-1.1137503,-3.1618652,-2.4524384,-1.6565871,-4.0371904,-2.5122957,-0.39136854
207,-2.3537717,1.6966527,16.157879,-0.2619581,-4.0406146,-3.254272,-0.34698737,-4.8836546,-4.037468,1.5519155
208,-1.4861574,1.9184362,16.173557,-0.61784625,-3.6585636,-3.3208663,-1.000109,-4.7292194,-3.6200993,0.81046015
209,-2.375636,-3.5488865,-1.7295396,-0.027302662,0.4264034,-3.9088674,-2.664676,-1.9323432,-5.195277,20.828249
210,-1.1366234,25.531363,-0.004051745,-2.1143382,-3.4458952,-2.721861,-5.4634166,-5.9081683,-2.7979434,-2.2937915
211,23.503038,9.804513,-1.6680678,-1.8788497,-1.0696008,-4.224565,-5.4435077,-12.234034,-2.051437,-5.944574
212,-3.6819088,-7.812034,-8.433515,-8.316076,22.10755,-4.5448956,-7.185941,18.194674,-5.141042,5.4706116
213,-0.58053046,-5.09616,-0.5272805,-1.9993168,-0.5549469,-7.3619905,1.7659605,-2.8630152,-5.5921183,22.540525
214,-2.1762803,1.4719708,16.883465,-0.45086923,-3.8338423,-2.9023912,-0.7897899,-5.0655036,-3.6438315,0.5070927
215,-0.89598817,-1.6682572,-4.5521426,-2.6297011,-0.9773029,1.5943599,-4.6335926,17.950262,-0.89747596,-2.8096094
216,-1.4220078,-2.976549,-7.8204846,9.457205,-3.2319565,-5.1816206,-8.656985,25.651022,-5.126162,-1.6382886
217,-0.33001998,-1.152029,-3.4485245,-6.7592125,4.6320376,25.294558,-11.56626,-1.1419334,-0.86554265,-3.0825424
218,1.145472,24.31752,-1.1105412,-5.9876585,-1.2962128,-2.5231702,-4.5584993,-3.1959803,-0.79284596,-6.1351414
219,-2.038038,3.5081232,18.983095,-1.1146444,-4.146958,-2.5324953,-2.4085805,-6.297409,-2.762769,-0.6144288
220,3.1194239,22.589752,-2.186414,-6.610092,-8.645129,13.71752,-14.57703,-13.770148,-0.40683267,5.945526
221,-2.1513915,-5.7750754,-7.5983777,-6.6993966,29.970884,-1.1144875,-5.514421,6.3641615,-4.831952,-1.9095092
222,3.5971062,-8.44285,-1.0142008,0.16892639,-5.4939346,-13.110259,-7.6327496,-14.619276,18.991848,26.307064
223,34.45249,-3.0350213,3.46252,-2.219659,-1.6526287,-6.4171624,-1.3752307,-15.707575,-1.3509583,-5.4573307
224,-1.5992638,-2.4277685,-3.8379817,-1.5467247,-1.9733902,1.754643,-5.084173,17.565964,-1.2107867,-1.0310454
225,0.31918344,1.8829228,19.6012,-0.71052134,-2.812955,-2.6707518,-2.160339,-9.757675,-2.4074643,-1.0989778
226,-2.9860892,-4.4650035,-2.0818746,-1.051948,0.2572566,-4.769526,-2.7147253,-1.1483293,-4.4764767,23.179726
227,-0.9829601,-3.0852656,-4.0544095,-1.652711,-0.6908997,1.3406962,-3.9950423,16.92958,-1.4980808,-1.6644676
228,-4.860201,-3.172772,-9.347336,11.2155285,-7.1288505,-12.070153,6.3660593,20.363031,-5.218357,2.851745
229,-1.9001496,-2.2266102,-8.257002,7.4831653,-2.8286266,-7.706863,-4.2860203,26.012133,-6.9592834,-0.40936142
230,9.455187,-6.300653,-7.186582,5.7937064,-1.125945,-14.973093,-4.4010243,3.6823964,-7.660104,21.2489
231,-1.2359849,-2.0703697,-4.567498,-5.828541,-0.50136393,0.6753551,-5.243037,-3.804673,22.438969,-1.0619731
232,0.4043415,25.2229,-2.1196172,-3.944498,-2.4308376,-3.262147,-3.7078772,-5.0420566,-2.0490575,-3.6306553
233,2.8341591,1.5593587,19.231642,-1.4361202,-3.84204,-0.26841396,-5.012612,-10.172903,-1.3096678,-1.1672958
234,-2.3684175,-4.956297,-1.8639011,-0.077300064,0.6667933,-6.0929184,-0.73419833,-1.5692706,-5.373183,22.019009
235,-0.68858016,-3.419474,-3.0631514,-4.916632,21.251804,-0.13060537,-2.471501,-0.82210845,-3.3375728,-1.3531853
236,-0.5463784,-4.402667,-1.3737502,-2.696209,-0.8950581,-4.944442,-1.7683557,-3.0807185,-1.4927347,20.66542
237,4.378579,-5.793095,-3.5589485,3.6187487,-6.1584625,-11.931235,23.64196,-14.225078,-3.2417603,12.95065
238,-0.13224365,23.750685,-2.769107,-2.188857,-3.1376677,-1.2496189,-5.4492702,-3.5845883,-1.1145753,-4.7809668
239,1.0669831,-8.606217,3.183761,-5.954348,-4.2885785,-5.0513005,-1.8181341,-11.458239,30.628185,3.0813918
240,-1.1792595,-3.0574646,-3.8327699,-1.9556712,-0.6977022,0.54179144,-5.3105884,19.451447,-2.1035838,-1.3073003
241,-0.32744223,-3.9698076,-1.2126653,-4.4602995,-0.31766528,1.219208,-3.3882976,-5.081057,18.674332,-1.2025535
242,-7.1952443,-7.588354,-6.7786098,-5.617718,20.423714,-3.8772147,-11.168853,-8.478304,6.5168176,22.530567
243,2.8452268,0.09198496,-1.8055772,-2.2295873,-1.9930698,-6.229989,19.413673,-6.529427,-1.8201958,-1.9188677
244,-0.6889303,-4.2892385,-2.821486,-4.355295,-2.721232,-0.11150641,-4.520831,-1.0171132,23.119349,-2.450319
245,-1.1304837,-2.4984417,-1.2518104,-4.612189,0.46660122,1.7966397,-4.350011,-4.009861,19.179478,-3.5519316
246,-1.0297071,-3.5805035,-4.8250766,-2.0632427,-0.40619552,-0.60919195,-3.0658717,18.77347,-2.765208,0.23827916
247,-1.2081943,-2.606769,-3.755684,-1.7071625,-0.76724744,0.6374992,-3.857118,16.7326,-1.1971862,-1.5683864
248,-1.9291066,-2.0070093,-5.6915135,-2.7101688,0.2974023,2.4452052,-6.234874,21.503897,-2.2883942,-2.7553787
249,-1.3899671,23.228376,-0.8630103,-2.0163596,-3.0919127,-2.8341675,-3.5628402,-4.466619,-2.6960957,-2.6801314
250,2.6671546,19.82411,-6.415751,-5.2420683,-4.506709,-3.3662162,-8.265885,12.465411,2.6945436,-8.953266
251,1.7971199,-0.7077111,-2.5552077,23.340807,-7.501415,-9.629849,-2.0295274,-11.51078,9.316156,-1.4590956
252,4.0203543,-0.54270995,-1.9628359,-4.0114427,-0.92015725,-7.519282,22.102398,-9.280492,-3.2066796,1.2365859
253,-1.965313,-4.5856614,-2.232779,-2.0304766,-1.2781411,-0.8814044,-3.0103137,-5.7794504,-2.7315922,24.032951
254,1.7217612,7.598961,-2.9592912,-7.6520133,-1.2086638,26.201021,-13.864214,-8.094371,2.5529165,-3.2959993
255,-1.2422637,-4.817255,-2.5030122,-0.80787426,-0.80500346,-6.1046047,-0.8731495,-2.432055,-4.472714,23.221954
0,-0.45999137,-3.0063224,-6.310941,24.933727,-5.192828,-10.108751,5.894825,-4.491842,-3.2015526,0.051069476
1,-2.6164849,-2.2241983,3.1007433,-5.846013,-4.2023783,-1.4828699,2.2120636,-6.8149343,20.694891,-2.7795255
2,0.70449805,-2.424618,-3.5032768,-1.9371859,-1.2229462,2.5646145,-3.5739148,14.883723,-1.8472004,-2.738901
3,4.2400937,-6.453797,-7.3321095,-8.140793,22.06403,14.829318,-8.943543,-0.6295321,-2.1240532,-6.4054055
4,2.0763571,1.9210471,-5.515062,-6.5498734,0.9353343,24.024136,-12.307827,3.6374474,-1.207809,-5.9088545
5,-1.2920039,-4.797193,-2.290076,-0.60739493,-2.165071,-7.217115,-1.6850613,-4.637599,-0.60294247,23.605434
6,-2.0211256,-3.2863114,-5.3822875,-2.906061,0.43031856,-0.54133457,-5.773928,22.629314,-1.3373982,-1.2569306
7,-5.316044,3.2011616,1.5590197,-11.243189,6.9387536,-7.7394085,-4.0246677,-11.389872,28.639595,-1.2512033
8,-2.5558226,-2.068708,0.13078272,-3.9751766,-2.5848436,1.57696,-3.7196043,-2.4423072,18.944752,-2.5437882
9,-1.893268,-5.033196,-2.489899,-0.75534046,0.6859942,-4.1756086,-2.1066835,-1.847368,-3.5616672,20.826544
10,-2.106202,-2.8073769,-1.723467,-4.5835357,-1.5534626,2.0022333,-5.489377,-3.923364,20.223042,-0.31065556
11,-1.801007,-10.586736,-3.651808,-8.7385235,-3.8367891,-3.6947305,-9.618127,-5.7830286,39.049778,8.275957
12,-4.612083,-6.6650734,14.5077915,-12.558043,-0.75663006,5.4903045,-9.168731,-6.534252,8.731057,12.94495
13,0.15563609,25.320786,-0.7747872,-4.627284,-1.826524,-3.4453795,-5.1676955,-2.518125,-1.6608588,-5.5200596
14,15.617291,-5.59338,-4.408076,-7.5846086,12.888317,-4.5344753,-2.5521247,0.30772266,-4.363386,0.1745601
15,-1.5084314,1.2934219,18.907927,-1.0160329,-3.5723119,-2.7367945,-1.4117267,-7.353608,-3.5697887,1.399859
16,0.52282006,-6.3094664,-4.5721116,-7.621363,20.661428,16.326643,-7.349355,-6.1958404,-4.1363893,-0.39409834
17,7.72034,-7.310596,-4.323546,18.045221,-4.0096717,-9.248301,0.88980794,-6.741041,-5.1560726,8.428729
18,-1.448366,-6.161076,-1.2204918,-0.38855627,-2.383717,-9.101911,2.0314255,-6.804381,-1.8873563,26.176828
19,2.3848693,-9.598851,-3.4277933,-10.1209955,19.783142,-2.9283044,-2.1162143,-13.649808,19.978395,-0.07311457
20,-0.040327337,0.9616159,-2.0962732,-1.6555043,-3.699305,-8.116268,23.577215,-6.6533327,-0.22972104,-2.2643983
21,-1.5350828,5.344401,22.020683,-2.6365867,-5.1321726,-2.0795193,-3.7462633,-8.243016,-0.526546,-2.1194956
22,-0.68651617,-6.6003413,-8.002457,-7.2072606,27.916346,2.1428547,-6.5551076,8.173146,-4.090257,-4.5000696
23,-2.453493,1.8072686,18.312384,-1.6250439,-3.2867646,-2.451534,-2.4039588,-5.011562,-1.9067214,-0.25575092
24,-1.5667624,-0.050723206,-4.284793,20.175291,-1.566296,-4.9868474,-4.582563,-2.8319573,-5.226709,3.5583847
25,-2.629167,-5.94354,14.298631,-7.9298577,-2.24545,-2.5931041,-7.377337,-6.2228694,24.372856,-3.367039
26,-1.3976675,-1.1578296,-1.6472446,-0.8391241,-4.4325275,-7.894461,22.812862,-7.078218,2.591577,-1.7108424
27,2.1671824,23.374336,-0.52294683,-4.2107973,-3.425693,-2.02226,-3.8883798,-4.1246634,-2.6854646,-4.882844
28,1.0849816,22.897926,-3.3370209,-3.885743,-2.693356,-0.22585797,-4.0381007,-3.9254506,-3.4637113,-2.7389317
29,0.46695223,18.29556,-7.0233736,-4.725242,19.069712,-6.3535047,-7.0088596,3.4431007,-7.997518,-6.8195553
30,0.1255948,-2.7171428,-3.7475271,-2.109334,0.20698489,2.4571562,-3.059147,14.057296,-1.6219225,-2.7823527
31,0.0028999709,-3.7208838,-3.708822,-2.5258029,-1.1484025,-1.0868481,-0.54713213,16.173923,-1.5745839,-1.1352202
32,-2.3722448,-4.781062,-1.9684445,1.4871742,1.5726415,-4.6062317,-2.171091,-0.66845864,-6.026766,19.551785
33,0.4050102,24.142824,-1.3732189,-2.8736937,-2.3921185,-0.38400218,-6.5066714,-3.0494545,-3.0187888,-5.0501146
34,-1.8140484,-7.016024,-2.5615098,-2.0328994,0.18342549,-9.843141,-1.2197136,-8.006532,-1.0804359,31.54105
35,-0.8587976,-4.5569572,-2.1003256,-0.76734525,0.008160241,-4.141387,-1.0633801,-3.2057827,-6.2004795,22.299084
36,28.6795,3.8851073,1.5979925,-2.1355662,1.4170377,-6.6890798,-2.971834,-14.261072,-3.202224,-6.717109
37,-1.3256687,-2.498251,-4.008006,-1.381223,-0.9405366,0.45314512,-4.1219068,17.060354,-1.2368054,-1.5031662
38,0.1360939,24.381353,-0.8045901,-3.6264007,-2.6216016,-0.68523943,-5.5690203,-3.998885,-3.3584642,-4.3541765
39,1.1033633,25.131721,-2.0051866,-4.215118,-2.120551,-2.1587327,-5.591995,-4.883167,-1.3292193,-4.612013
40,11.387814,3.3620307,-3.9027255,24.084448,-7.7539034,-8.884519,-3.1838028,-6.016541,-5.847393,-4.9447794
41,-2.831291,0.6442538,31.059172,-6.62608,-4.171264,-7.613198,4.075964,-13.558929,-1.2891483,1.6523353
42,-1.0581256,-2.4508138,-4.4944715,-1.9580944,0.13211477,2.650923,-4.65926,16.548306,-1.7873478,-1.9605463
43,-0.4661997,-2.2652853,-4.9666862,-3.661702,-0.5473503,3.0048485,-6.8913455,21.508936,-1.476085,-3.2088468
44,-2.8584023,-5.314444,-1.5247316,0.15594064,2.3774543,-4.728761,-1.5976913,-0.31989276,-5.684677,19.209757
45,-1.4636666,-5.4182763,-1.6569678,-3.0393186,2.6841927,-6.31852,-1.8116962,-3.8631213,-3.715125,23.378098
46,-0.90149254,3.9559708,27.124516,-4.2466025,-6.2794776,-2.2251225,-4.187273,-10.136022,-2.1201267,0.2625417
47,2.343004,-5.18674,-10.779512,29.40666,-4.6193767,-11.226799,-1.6966475,8.151945,-4.9875956,-3.5982294
48,-1.2955301,-4.685505,-0.98654723,-2.2529514,-0.30969292,-6.099526,-0.9718971,-3.819483,-3.3951905,23.775055
49,-1.3139923,-1.8061534,-4.3166676,-1.6591821,-1.0124865,1.8232039,-4.8247337,16.732254,-0.8679537,-2.1114771
50,-0.76050586,0.6541933,-4.6045346,-3.888883,0.24614438,1.7126716,-6.7654104,17.778208,-0.46017244,-3.2807868
51,-2.4696248,0.1359056,-6.197454,15.172448,-9.691078,-17.878334,29.03686,-3.46668,-5.97663,0.510835
52,-3.0226393,1.8913997,-9.462161,0.6614461,-3.7481723,-6.060571,1.6073838,24.335896,-4.257382,-2.5029974
53,-0.8408591,-2.2498627,-4.299029,-1.7483388,-0.9444705,1.6655475,-3.7820675,15.562685,-0.2570079,-2.3436384
54,33.08839,-9.106934,-1.3565968,-7.8396482,-3.06598,-6.6791563,5.383979,-17.269915,12.332898,-4.6972523
55,25.364454,-1.5371982,-0.03633079,3.1105163,-0.33082312,-5.193309,-3.1558988,-11.220737,-0.60517406,-6.174163
56,-0.7390141,-4.6566796,-4.177445,-5.4848666,24.82731,-4.517117,-4.814131,-2.0599458,-4.6231556,5.5744734
57,4.6848497,-7.1440544,-3.346556,-7.5398035,-0.6020138,-0.8708047,-3.60033,-8.847784,28.651693,-1.4222733
58,-3.7727017,-1.2367922,-6.2023606,-5.693838,-2.437624,8.242977,-11.744954,22.501177,-4.832307,5.81487
59,1.4325992,22.53622,-0.8802693,-4.3904824,-2.1572356,-0.25504074,-4.7566395,-4.954794,-2.3055384,-4.480157
60,-0.70437694,-6.1548853,-5.7641506,-7.194212,18.093498,-6.0710917,6.919854,6.3272343,-2.999925,-2.026762
61,-3.5089414,-3.1185985,1.8923525,-4.3247137,0.40143389,-1.1624095,-2.9825108,-5.5630836,17.029547,1.0765514
62,-2.9014585,-3.0019915,-5.7171946,1.5468631,-1.9620501,-2.4720206,-6.62525,23.497843,-4.0281343,1.154737
63,2.2695596,-0.5645913,-1.4806676,-5.1772346,1.1330334,22.63012,-9.252147,-4.3315125,-1.2446376,-2.9870574
64,7.665663,26.86346,-0.74846995,-5.2269998,-3.2687058,-4.4206014,-7.4623833,-2.287605,-3.2365072,-7.5847225
65,-0.55078226,-4.0677514,-2.1374555,-0.6989106,2.29676,-6.0218716,-1.1516224,-0.1196228,-6.264366,18.13367
66,-3.6846097,-5.2389717,-6.8512096,-4.9715376,-1.2807028,-7.1645637,2.8799016,26.144005,-0.65248746,1.2789266
67,1.2443417,29.528412,-6.921103,-7.500728,1.2084662,-4.425037,-9.50852,-0.11624628,5.522512,-8.841664
68,3.3495474,23.577152,-4.1624055,-5.030745,-2.1837478,-0.597377,-5.973792,-0.21757305,-1.918102,-7.0459995
69,-3.8067212,-4.0046053,-0.7038623,-8.258225,0.28558773,1.6841916,-9.066089,-4.4529953,26.255781,1.3573178
70,-3.578434,-4.281466,-1.5334762,0.87525886,0.7711683,-4.2213535,-2.1329901,-0.7946946,-7.406706,22.232851
71,2.9303062,-0.99802667,-2.7622218,-2.9739025,-1.127699,-5.51222,19.29867,-9.074498,-1.492926,1.4469289
72,-3.0092952,-0.9490015,-4.2836266,21.071728,-3.9196835,-6.0150867,-2.736604,-5.056431,-0.82185304,4.116789
73,1.9312313,22.865252,0.12813538,-6.479131,-0.49818313,-2.5586317,-2.1508248,-6.30417,-2.7070224,-4.4987073
74,-1.2500725,-3.2434688,-2.1041021,-7.954301,-1.8900405,8.347286,-7.878134,-5.168572,22.029776,-1.1434121
75,-2.0855143,-5.5962157,-3.5662284,0.118559994,3.1372724,-9.636738,0.14186922,-8.15995,-6.5598035,30.557682
76,-2.5133543,-6.5411386,-1.3304415,-3.2889757,1.0836588,-6.944248,-0.21963847,-2.3443923,-3.8248603,24.64679
77,-0.31427383,4.57438,-2.2124472,-5.6035514,-3.8008523,22.749401,-12.749333,1.8766539,-1.991549,-0.96946514
78,-1.001987,-4.135438,-4.248951,-2.2609785,1.2629753,-0.005342886,-3.1276019,17.391325,-2.4617314,-1.0785575
79,-0.44017103,-4.076049,-5.239931,-2.602483,2.3583107,1.011848,-4.9404135,20.915216,-2.9088757,-3.3739958
80,-2.858391,-3.8194,-6.9962344,-6.0305443,7.772306,8.23883,-9.037728,22.068007,-4.922242,-3.0515954
81,1.6372603,22.419989,-1.4114493,-4.462237,-1.6903747,-0.85119045,-4.3198347,-4.0709505,-2.3454857,-5.0976634
82,-2.5800288,-9.073445,-7.807234,-6.744307,32.286858,-3.927728,-1.4427569,-1.3664653,-4.5475163,4.941696
83,1.7117649,5.698068,-2.448695,-6.3697643,-3.669262,24.658073,-12.841968,-4.5367556,-3.6545887,2.569765
84,3.6743867,21.867353,-2.367694,-6.2463913,-2.9300141,0.67411536,-5.7208815,-1.330126,-0.9394295,-6.6741533
85,-3.9081347,-5.3942857,-6.5393558,-4.776972,5.6711726,1.5971777,-6.5794334,22.92092,-6.465627,4.061771
86,13.81065,-12.334555,-5.695731,-8.122549,11.194785,-12.577663,-7.3260403,-9.386345,7.578802,21.575083
87,-1.3458271,-4.1920114,-2.2486706,-0.7396435,1.9016367,-5.2486267,-1.8755784,-1.11958,-5.2940745,19.479094
88,-0.40233845,25.540564,1.6931154,-6.978169,-4.3234015,-5.795495,6.4503717,-9.554036,-3.3813667,-3.824723
89,-0.83208656,23.590797,3.0575693,-4.474928,-4.562055,-4.104921,-0.30084544,-5.8075614,-2.8686604,-3.7726974
90,-0.96473134,-2.589079,-4.1853557,-2.086228,-1.1311994,1.8055173,-4.256161,16.59875,0.024355039,-2.4988337
91,-2.609081,-4.291066,-2.3653622,-1.808882,-1.0953599,-5.0906587,-2.7099218,2.0214646,-3.5723026,21.131912
92,-0.4372879,-0.80049926,-1.5430717,-0.23131457,-4.037332,-7.5744076,21.094574,-4.3224254,-1.3220409,-1.3526154
93,-1.4516429,1.5148867,22.069166,-1.0920053,-4.186744,-3.5064468,-2.5850546,-6.9483366,-2.7291138,-0.21659163
94,-0.9612717,1.6731598,22.777435,-2.0530248,-4.6808953,-2.6676877,-3.3443172,-9.376132,-3.0396478,1.8339026
95,-0.30904576,1.7018627,-1.3678495,-3.2136357,-5.2001224,-9.413815,24.616707,-3.9749644,-2.6401534,-0.7511789
96,1.0430154,24.953495,-0.8938073,-4.6511974,-3.0753422,-3.2248206,-3.6989024,-3.1308537,-2.5752485,-4.8763294
97,-6.4267454,15.560403,11.088942,-2.820659,-11.539792,-13.451522,18.187107,-11.873762,4.409324,-3.4198678
98,-3.8551748,-1.5154952,-4.0752554,14.324913,3.33598,-8.722706,-5.0436244,-6.6825895,-5.697959,14.81551
99,-1.9976612,-5.42997,-5.0840607,1.2961193,-6.5624638,-7.6047153,-1.5232396,-0.90404767,2.6473439,23.120474
100,-0.7478927,-2.373242,-4.105464,-2.1823735,-0.81957346,1.5186107,-3.8533878,16.044687,-0.23242527,-2.4341247
101,-2.7981389,-3.8892198,-2.2110865,-0.9119756,2.1213298,-3.8012934,-3.8860073,-3.5676763,-6.4952693,24.915869
102,-0.14302671,-6.135286,-6.4268193,-6.9806323,31.156498,-2.153659,-4.6348724,-0.5290231,-4.580662,0.6378198
103,-1.9821159,-1.927763,-4.3063197,-1.8454396,-2.3316941,-0.3620241,-4.6744647,19.255924,-1.4100933,0.10478968
104,4.370454,-0.8174895,-1.7238245,-1.3879604,-3.9342918,-7.699601,22.872526,-7.4381,-3.1385689,-1.0239788
105,-1.1082433,-3.6683102,-4.804824,-2.4028168,0.27659744,-0.63767266,-1.9075555,17.28357,-1.672342,-0.9180531
106,-1.4600852,-3.2316568,-4.574853,-1.5326774,0.20580705,1.9558247,-3.947994,16.530764,-1.8899262,-1.4533234
107,-0.9294248,-4.5517516,-4.806455,-6.2198167,28.18484,-1.3356787,-2.3281736,-4.6915874,-5.134129,2.0314772
108,-0.94147485,-2.633103,-4.40191,-1.5845249,-0.33198562,2.6565826,-4.054513,15.355156,-1.108909,-2.2831147
109,-1.6258706,-3.1486616,1.6046091,-5.1076756,-1.8484119,0.94428307,-4.1169167,-2.9147975,20.208158,-2.9729042
110,-1.5475672,-3.3241618,-5.0989122,-2.3364854,1.3046999,1.8715949,-4.3509145,17.360218,-1.4536451,-1.8665383
111,-2.5032122,-2.9317827,-0.4465297,-7.7287555,-1.5779351,1.4852679,-9.690085,-5.651544,29.95495,-2.072935
112,-1.5809284,0.5335993,-0.9728643,-1.070491,-4.2554326,-8.541579,23.615582,-6.604765,-2.491586,0.9910901
113,20.796846,1.9730872,-1.0122151,2.891333,-2.4870706,-4.8069906,-1.9963114,-8.934556,-2.508714,-4.37771
114,12.64287,5.6824555,-1.7464901,-6.340231,-5.117074,-8.668528,15.7416935,-15.692308,-0.7574121,3.8465905
115,-4.4050207,-6.21361,-8.325527,-5.1282573,9.909595,-2.9837306,-6.6618333,26.193394,-6.3786054,4.3643274
116,-1.5796049,-0.33597222,22.3528,-4.13233,-3.699535,-1.9601212,-6.3453484,-7.973631,6.6064286,-2.0372155
117,-2.613096,-5.1414247,-7.391881,-6.117006,25.008951,-0.83199614,-6.5660567,11.974909,-5.7867384,-1.8554627
118,2.7711697,-2.3663251,-0.43380272,-6.393961,-2.2030444,9.400906,-9.994545,-14.121286,-3.2973804,25.830013
119,-1.4924381,-3.2595568,-2.4640002,-4.4167776,-0.27026802,1.8549623,-4.075535,-0.6927369,18.91733,-3.8145182
120,-1.6665368,3.4812136,22.072596,-1.9858602,-6.21562,-1.8512888,-2.4174175,-8.102959,-3.0009034,1.0135311
121,6.8093777,15.137391,-4.2146893,-4.923394,-3.4578576,4.198418,-9.174191,3.4134502,-1.5529131,-6.4821167
122,3.5056808,3.395359,-7.349805,1.2092355,-4.720785,-10.47328,-1.0532352,24.805513,-5.584882,-3.6284087
123,-1.2317044,-2.5085316,-4.418162,-3.1895604,0.55283153,1.7903844,-5.4828196,17.871254,-1.759245,-0.9988752
124,-1.8364534,-2.2624733,-5.565393,-3.0093277,-0.2092995,3.2375913,-6.584545,20.437927,-1.7515278,-2.031517
125,1.374149,-7.0679674,-7.288052,-2.3554637,26.046377,2.9413006,-9.482455,-8.7418995,-7.0460415,10.484004
126,-2.2525656,-4.8810134,-2.7323673,1.0590025,1.8334428,-4.498287,-1.472577,2.049474,-7.4110427,17.5544
127,0.9719544,-1.3857899,-2.8530219,-5.798549,1.7331611,23.247854,-9.529242,-2.0827556,-1.2245779,-2.019592
128,-2.2603168,-0.33645165,-8.393455,-6.094013,27.495794,-1.9732475,-7.3627906,10.389052,-6.7926574,-3.6994293
129,-1.9464346,-2.4641845,-4.3318048,-2.8616946,0.7711795,2.3133967,-5.2052226,16.56201,-0.42527202,-1.638123
130,-1.7394997,-4.4211006,-1.8419429,-1.7411819,0.17392656,-5.635949,-1.543064,-2.0606914,-5.117407,23.492588
131,-1.9941465,-3.7629466,-1.8904495,0.04596416,3.3916311,-5.0678444,-1.6730427,-1.3256023,-6.8011413,18.727516
132,9.054709,-5.9182286,-4.081202,-6.8033457,-4.1810274,-0.9073445,-0.7075825,-6.596344,25.657814,-5.2465353
133,-1.3471253,-3.6963134,-4.4099703,-2.1411176,-0.8751656,0.3413199,-5.335335,20.731232,-2.0234094,-0.5368246
134,-1.7492172,-4.7664447,-2.0760548,-0.04894937,0.31971037,-5.2597003,-0.8867072,-0.44928414,-6.3025126,21.084713
135,14.890884,-4.769504,-7.7269025,-3.3552802,1.3198931,-6.92382,-8.254765,22.193363,-5.901707,-1.5110521
136,1.5779041,-9.559389,-0.2595906,-9.882113,-0.768146,0.61528593,-8.51938,-4.7743745,31.539976,-0.5113456
137,-2.2701035,-2.7944763,-1.9117755,-5.6417646,2.8413634,15.410152,-9.737179,-10.784043,-4.6120496,20.323462
138,-0.59250724,0.8716934,-5.8184285,-5.563093,-3.0142388,13.911271,-11.714092,17.835197,-3.6285927,-1.1074779
139,-1.8087277,3.873323,22.116295,-3.163961,-6.910144,-11.226453,16.671623,-14.065575,-4.396404,-0.2125909
140,-3.3746665,-3.342945,-2.377395,0.880656,0.106300145,-4.5478706,-2.9601107,-0.8668696,-5.7193246,21.813248
141,-0.7130331,-2.583215,-3.7934752,-2.412985,-0.4430393,1.345608,-3.980003,16.990536,-1.0322218,-2.7803113
142,-4.5277066,-6.689747,-6.0935383,-2.8320372,0.6932563,-4.5657287,-3.6007862,19.926052,-3.6119587,11.193213
143,0.22642574,-0.23131004,0.095240146,0.58852065,-4.5761557,-9.781522,24.070448,-7.284084,-2.7880466,-0.5348797
144,0.4902412,22.120522,-2.0363235,-5.012889,-1.9176407,-1.2229993,-2.465139,-4.405347,-1.3199304,-4.6976204
145,-2.6653056,-4.4609604,5.4873376,-5.2938676,-0.6036842,-1.5407662,-6.204681,-5.4914756,20.223341,0.09379315
146,1.6223623,-0.047720466,-5.6522355,25.841106,-5.01185,-6.8156075,-4.90971,2.9410837,-5.448253,-3.5852532
147,-2.2608235,-4.675632,-2.3203864,-0.5866603,2.568873,-5.205787,-1.9488268,-1.0748675,-5.415901,20.821785
148,-0.7081688,20.769615,-1.1661928,-3.7247624,-1.9103488,-0.14509815,-3.2476616,-5.4247136,-2.4934967,-2.3050008
149,-4.227338,-2.7381556,-2.8026245,-2.7452288,-1.0166034,-2.2801912,-6.6255813,-0.5794434,21.125547,0.63442075
150,0.26104,-2.6697254,-1.8579189,-5.8381124,6.000748,22.589615,-8.430947,-4.4690013,-1.7095141,-2.465479
151,1.4691473,-5.229207,-3.5684042,0.58291996,-3.6247168,-8.740563,-1.1663443,-6.7942753,-1.6271214,27.099932
152,-1.3817819,-3.9974031,-6.424677,-3.05786,1.1467282,-2.035793,-2.4903517,21.900255,-1.0400524,-1.9969647
153,-0.22479786,-4.585282,-4.3053145,-5.2777452,25.219852,-1.2622601,-1.655028,-2.7170627,-4.6003156,-0.12468321
154,-1.947352,1.2663549,16.596277,-1.0135766,-2.825511,-2.9978375,-2.0050755,-4.001742,-2.5806632,-0.06059122
155,1.8903393,20.596674,-2.3532555,-5.1885033,-1.5640965,0.7643874,-3.7089458,-3.9859273,-2.913897,-3.6600096
156,1.9779309,5.9064574,-6.9583955,-6.8759866,-2.4974308,15.809673,-12.993232,15.186609,-1.969428,-5.871484
157,-0.4714227,-1.4947325,-2.7562983,-5.1387677,19.953545,0.06277055,-2.2508807,-1.7846982,-2.7728782,-2.4512541
158,-0.79981935,-4.399133,-7.2436824,-5.2021513,28.96484,1.270365,-5.085018,3.0771163,-6.2219114,-3.5987372
159,-2.345322,-0.8461422,5.82072,-4.925859,-5.7076306,-12.545621,27.334637,-10.715067,6.7847505,-1.5528188
160,1.1741694,-1.4596404,-1.4278132,-1.3650311,-5.180987,-9.276562,25.128912,-8.675984,-2.4887967,3.254319
161,3.290048,27.702192,-2.479715,-1.8236123,-1.2477713,-4.0666986,-8.800492,-4.466375,-2.6214862,-5.662118
162,0.61972165,22.716885,-1.4989983,-4.396141,-1.4903905,-1.360621,-3.1154797,-4.706992,-3.4091794,-3.5273943
163,-1.2576498,-2.748919,-4.024809,-2.1573017,-0.5936208,1.2328686,-4.877156,18.281065,-1.5434688,-1.8027191
164,-0.5503487,-1.7819014,-4.6295667,-2.5419793,-1.2379004,1.6951641,-4.6251955,18.060648,-0.6329492,-3.1349244
165,-1.6007864,-3.417504,-1.7367316,-4.8828125,-0.81266123,0.7138284,-5.6745033,0.4848395,18.985525,-2.758089
166,-2.5761745,-4.0606565,-2.5966487,-1.5351291,-2.9747338,-4.0245123,-1.7133806,-2.7607076,0.5389229,20.920723
167,-2.653042,-1.8557135,8.294277,-5.8238463,-6.9649673,-11.428276,24.963758,-12.157618,9.138107,-0.25704476
168,-2.6041536,-6.2384815,-2.692159,-1.395438,0.31638145,-7.1569715,-1.0004431,0.5506363,-5.3357143,24.657
169,-0.4020946,-3.327934,-2.3981001,-3.8362489,-3.546802,-3.409132,-2.5709767,-4.278715,8.850594,14.211105
170,0.4758696,23.387682,-1.2913126,-5.013162,-2.2418656,-0.46348152,-3.4642441,-6.0447783,-1.9087931,-3.9275517
171,0.51305896,25.603426,-5.1355133,-1.4150769,-3.8593025,-1.4592757,-5.9913025,-3.515625,0.23888767,-5.638442
172,0.22872019,-10.31933,-5.14324,-7.180829,28.257586,-6.8792567,-2.3682063,-6.7566395,3.1083477,5.910536
173,24.310535,-6.6023846,-3.0545108,-5.186125,10.612473,-5.222216,1.2467676,-13.008994,0.6998895,-3.7308238
174,-1.2150432,-1.7486197,-2.1879897,-4.0109,-0.6059786,0.35051185,-3.999079,-3.6021566,19.574629,-2.8136024
175,-2.4791932,-2.1140158,3.9653556,-6.3998218,-4.0194135,-3.8108575,8.4323,-9.378603,18.53751,-2.6615977
176,-2.7095017,-5.0949054,-3.190592,-6.9724965,0.29790038,-0.50673205,-6.218365,6.280092,19.253357,-1.5419714
177,-2.2982557,-7.041414,1.1526021,-7.209375,0.14455079,-1.5781502,-5.058249,-3.006605,25.357195,-1.059509
178,-0.50176036,-3.2717345,-5.223099,-2.508918,-2.3752537,-0.64285797,-4.1878934,20.673424,-2.5734367,1.0447065
179,-2.4066815,1.8677602,16.730564,-1.5337257,-3.7099776,-3.1975205,-1.2352629,-3.9704902,-3.7868907,1.6182275
180,-1.1920528,-2.2303555,-4.063638,-1.5633435,-1.0038595,2.6528623,-4.7625213,16.0232,-1.0672836,-2.0041473
181,-0.33180663,-4.345304,-4.587684,-2.4655921,-0.070109725,-0.5666052,-4.6727867,21.118233,-3.298175,-0.31322783
182,-1.6693108,-2.436769,-5.2026772,-1.57362,-0.4926169,1.3548877,-3.6688824,17.718504,-1.1873916,-2.3219838
183,0.59441406,24.455233,-1.1799009,-4.6766624,-1.749786,-3.5965714,-3.4871426,-5.559354,-2.3231103,-2.8658202
184,-1.1469256,-8.392787,-9.629349,-5.4957657,30.531845,-4.3624997,-6.54908,12.121432,-6.4902344,-0.7718574
185,4.1272554,-7.4033065,0.59865606,-6.6151056,-2.4099846,2.1867242,-4.685828,-7.04924,24.412094,-2.9571178
186,3.3609197,-4.082115,-10.011597,15.528055,-5.3404098,-3.1592357,-10.967277,-0.8489142,11.761227,2.5426762
187,25.301981,-0.75514555,-1.7506337,-1.7156707,-0.12413888,-1.6613237,-2.548029,-10.82619,-0.8217285,-5.243896
188,-2.9687424,26.966484,8.737932,-4.506497,-7.156453,-6.262355,4.0524435,-10.176176,-5.6489882,-3.4502902
189,-3.0483289,0.18062088,-3.9342482,-8.119304,-2.0760565,21.840364,-14.380428,11.648716,1.7689112,-1.9509975
190,-1.435324,1.2517257,17.492048,-1.9503871,-2.6982088,-1.0213163,-2.3749669,-6.4921865,-1.5999299,-0.62496465
191,-0.51806104,-4.944797,-0.21502042,-5.0060515,-2.24266,0.45833364,-2.8667269,-3.1888382,22.440962,-3.323916
192,-2.1518598,-3.416545,-5.975646,-3.029125,-0.9928479,-0.76942533,-2.6706827,20.877306,-0.065425985,-1.5639656
193,1.6997007,23.87863,0.9135761,-5.3974524,-1.3408362,-0.8544224,-5.925714,-5.636779,-3.0912619,-4.733573
194,-5.2340918,-4.975611,-5.8678045,-1.7106836,-4.522592,-6.1662936,-5.3470235,18.318756,-2.6199243,16.789663
195,-2.1886952,-4.3029737,-1.6122526,-1.6168282,1.1292933,-5.102647,-1.7096046,-1.9278133,-4.408567,21.608982
196,2.1963809,20.894772,0.6308197,-4.369836,-2.5267024,1.5606515,-5.206547,-5.414115,-2.5882394,-5.1818075
197,-0.11873253,-2.188935,-2.525275,21.481405,-3.733203,-5.0791416,-3.2038138,-1.3726323,-2.3537471,-1.8461518
198,0.4960368,-1.8829781,-4.1246805,-2.9611163,-1.2250473,0.3658393,-2.8534105,15.934281,-1.443691,-1.5518756
199,-1.8605453,3.4234023,-0.74184006,-1.0552067,-5.992477,-10.217356,26.712667,-7.4385443,-2.6085598,-0.8309607
200,0.267058,-4.8503723,-3.499771,-6.4097314,24.640606,-2.185059,-1.1707618,-3.5517528,-3.282192,0.53546464
201,-1.3512987,-2.245764,-4.3772864,-1.312818,-1.1498424,1.0393234,-3.8389056,17.213783,-1.5125226,-1.7976346
202,16.188341,-7.432981,-5.2895713,-5.6916227,-1.5019671,-2.23306,-4.760249,-8.95271,23.081589,-3.1995242
203,0.6669129,-1.3503041,-2.6097672,-5.3214035,1.644384,21.029676,-8.1621895,-2.5986028,-2.2387712,0.26934674
204,21.621283,-6.00425,-5.635304,-5.2029877,8.4776125,-5.5800333,-7.5584707,7.9401507,-6.154213,-1.8761388
205,-1.9850756,-2.3451014,-5.028885,-1.88268,-0.117755026,1.8988199,-4.300019,16.618265,-0.6301178,-1.4289365
206,-2.5953805,-2.6884875,-1.3361616,-3.5281305,-1.6216788,-0.53905165,-4.3604417,-1.7749906,18.688053,-0.4355138
207,-2.195631,-2.288381,-5.1172585,-2.3519533,-0.22028366,1.8344038,-5.374095,19.64637,-2.237913,-1.1973188
208,2.3457196,-5.7878513,-0.06333354,-6.486834,-1.3721834,1.186875,-0.29906538,-6.320642,18.795902,-1.9836997
209,-0.9711306,-5.7351356,9.492313,-6.8229485,-3.5500245,-0.6194382,-4.722085,-7.6894026,23.261824,-2.4041224
210,1.8339816,-6.3032928,-3.476082,-0.14695139,-5.186207,-12.404916,-0.13902643,-10.538525,1.2603734,33.456917
211,-1.2106503,3.0284972,-6.5086803,-3.8736248,0.91238457,0.4131953,-6.7735577,20.263607,-2.9388762,-3.2430036
212,-2.894418,-4.571731,-2.728747,-1.9336066,-2.287992,-4.75158,-2.1877525,-1.2432206,-0.60085535,22.40074
213,-0.29858515,-3.0971425,-4.5885477,-2.2247581,-0.09135392,2.4069629,-4.660695,16.413736,-0.9535992,-2.4034727
214,-0.7351374,-0.18607362,-1.0380101,-6.7260857,-3.9952855,-10.174625,23.218714,-13.8741455,-2.9937832,16.000418
215,2.8711953,-4.727372,-8.33847,-9.401585,16.023191,21.827097,-12.899898,6.64205,-3.0690894,-6.913509
216,-1.1352673,-2.4004316,-4.1218195,-1.2980399,0.11600022,1.0171994,-4.2618957,16.546164,-2.6937156,-1.4203247
217,-1.8308625,2.3962643,17.708418,-0.8971543,-3.7164717,-3.4748223,-1.4526128,-5.64134,-3.4472027,0.66915697
218,-2.6324015,-1.6772208,-1.2982553,-3.370634,-1.2306432,-1.037334,-3.7312682,-2.599429,16.380789,0.72596407
219,-1.5353874,-4.327822,-1.3349453,-1.4671105,0.36640617,-5.350352,-1.2921655,-2.116775,-4.760147,21.875664
220,0.20600861,-0.1753433,-4.793718,-6.791853,-3.3920798,17.244669,-11.813938,14.894495,-0.18404737,-3.3279495
221,-1.0455444,-6.3973436,-7.6824894,-6.758951,27.6483,-1.8565975,-6.4429674,10.923565,-5.8818707,-1.9905512
222,-0.9300706,0.18960935,-2.8433366,-5.8191385,-1.3406328,-2.3866804,-9.017304,-9.351726,31.982492,-1.3137188
223,0.7047473,23.077675,-1.5413281,-3.7210972,-2.4816198,-1.4366614,-4.502857,-2.8961017,-2.4845743,-4.823801
224,7.7883863,32.08895,-6.6989923,-3.3367932,-4.4972687,-3.7407565,-11.418453,-2.6779048,2.9129264,-10.535578
225,-1.0704509,-7.168203,-5.6853004,-3.729526,15.764707,-10.410579,2.7998154,-14.795604,-5.954308,28.716812
226,-1.5211859,-2.0192356,-4.066253,-1.778524,-0.7237104,-0.5972444,-4.579169,18.6329,-1.5881771,-1.1279869
227,0.6060987,22.619503,-0.63238347,-1.3498363,-3.751501,-1.0977874,-4.6527267,-5.2622533,-2.1015525,-4.690721
228,0.22924471,-3.8150856,-6.3115764,-4.157633,-0.11460346,0.7304396,-6.039243,24.3627,-1.4002454,-2.7910724
229,-1.3505604,-2.699097,-4.7118816,-1.8547359,0.210455,1.4838753,-3.592537,15.82204,-0.5440713,-2.088898
230,-1.436167,-3.1971734,-5.6179924,2.9917657,-1.3951602,-1.76193,-5.986073,21.500954,-3.6309025,-1.7071129
231,0.7933748,1.6664195,-2.5459383,-2.5062845,-4.4507413,-8.433155,25.438042,-7.182188,-1.9398098,-1.0654644
232,1.5324727,26.249966,-1.1540943,-4.084384,-2.548996,-4.35951,-1.8926208,-4.909705,-3.3736808,-5.7793417
233,-3.5177264,11.309768,-11.142367,12.803908,-2.5040202,-13.008835,-2.655865,20.332941,-10.499507,-1.931676
234,-0.55745965,-5.363807,-6.8281355,-7.504345,26.387,5.066152,-4.3320932,1.6031098,-3.7400482,-3.912997
235,-2.8413093,-3.9662278,-2.175706,0.19194378,1.0512915,-4.9821386,-1.9582552,-1.1919692,-5.845268,21.45156
236,-2.6345544,-4.030004,-2.352812,-0.898726,1.2737874,-3.0008578,-1.8912706,-4.281937,-3.5997155,21.126957
237,-6.422114,-8.934796,-5.8092327,-11.426856,13.529108,-5.097152,-8.918992,14.482189,17.268728,1.3243597
238,1.688311,-6.356605,0.2279093,-8.481112,4.680699,24.25233,-11.438555,-7.6691647,-0.62797946,5.9396915
239,1.6932756,21.10756,1.6130216,-4.5446715,-1.3227148,-1.0341316,-4.1658196,-6.8995824,-2.7064188,-4.0745664
240,0.55425,26.816011,-7.1470766,-6.700563,-5.4173937,-4.553704,-8.457603,0.21820188,12.865328,-8.929108
241,-1.2035955,-5.602445,-6.4787645,-6.254937,28.269426,1.4767487,-4.6606407,1.248235,-3.5765145,-2.326894
242,-1.7679487,1.1909457,16.51105,-1.3325729,-2.9710565,-3.0167067,-1.0433067,-5.3829813,-3.584359,1.6498607
243,-1.5884277,0.4542162,-6.697745,-1.2096583,-2.793254,-5.8141894,5.840045,17.93412,-3.4850326,-2.7349207
244,-1.7320071,-3.0327828,-4.7135043,-1.8954694,-1.8891505,0.9880484,-5.237148,20.829998,-2.0145123,-0.7121877
245,-1.9564546,15.926923,16.875574,-2.039021,-4.3207607,-4.5037823,-1.8385421,-10.305791,-5.190587,-2.2062862
246,22.410154,-7.614572,-4.98004,-6.161277,7.638502,11.538533,-7.516481,-9.4513,-0.6676167,-5.5937057
247,-0.54425174,-4.7505856,-3.2790809,-7.5353193,-3.148037,-0.88009477,1.030213,0.6220814,21.953459,-3.573854
248,0.21314618,22.62849,-0.6604208,-4.1383486,-1.4148053,-1.0378531,-3.9572494,-5.9079833,-2.7977877,-3.1648035
249,1.3090639,-0.5692523,-2.6148524,-3.6024964,-5.5398545,3.8095345,-5.860527,-9.460878,-0.34043968,22.478264
250,-0.82657135,-1.9121764,-5.0884223,-2.4290087,0.22598813,-0.26844794,-3.3083055,18.932566,-1.6980846,-3.0526526
251,-1.263804,-2.7608967,-4.2021694,-2.2075,-1.2157162,1.2551613,-4.0297103,18.641611,-2.1117857,-1.3086717
252,-2.6910093,-4.5232263,-3.137447,-4.0577216,-5.6535525,-0.5174786,-3.420006,-1.977,2.882004,22.850609
253,-1.0001103,3.685352,24.084826,-3.2724397,-6.175607,-3.0503566,-2.8091242,-8.663738,-2.4349735,0.6873584
254,-2.017446,-3.4771714,-3.7416048,-2.1960206,-0.4791152,-0.10895515,-4.182924,18.954739,-2.7719777,0.78745717
255,-3.437438,-7.2244134,-4.2367673,-6.868532,20.986126,-2.3122742,-3.5035846,-6.604132,-5.041543,17.557232
